venue_id,venue_name,amenity_type,terrace_status,address,latitude,longitude,is_sunny_now,blocker_building_id,blocker_distance_m,required_height_m,blocker_height_m,sun_elevation_deg,sun_azimuth_deg,cloud_cover,temperature_c,last_updated
relation/18317100,,,,,41.42,2.1188352,0,32096.0,6.032105627761559,-4.731439265244064,10.0,-38.10978818,305.3020923,100.0,20.9,2026-10-02 21:00:19+00:00
node/208984374,Central Rambla,,,,41.3782716,2.1761732,0,74101.0,112.99798507794848,-88.63291468748167,37.0,-38.10978818,305.3020923,100.0,20.9,2026-10-02 21:00:19+00:00
way/217583616,Can Fisher,,,,41.3946034,2.2062292,1,,,,,-38.10978818,305.3020923,100.0,20.9,2026-10-02 21:00:19+00:00
way/245214117,la Caseta del Migdia,,,,41.3596833,2.1607145,1,,,,,-38.10978818,305.3020923,100.0,20.9,2026-10-02 21:00:19+00:00
way/246717741,Mirablau,,,,41.4160323,2.1319129,0,33048.0,68.36671060637076,-53.62521132087624,15.0,-38.10978818,305.3020923,100.0,20.9,2026-10-02 21:00:19+00:00
way/249404809,PURO,,,,41.3911248,2.1461635,0,14823.0,8.34272577042463,-6.543834396348033,38.0,-38.10978818,305.3020923,100.0,20.9,2026-10-02 21:00:19+00:00
way/268912897,Can Cortada,,,,41.4362503,2.1524833,1,,,,,-38.10978818,305.3020923,100.0,20.9,2026-10-02 21:00:19+00:00
way/315387188,Temple del Metall,,,,41.4741706,2.1662317,1,,,,,-38.10978818,305.3020923,100.0,20.9,2026-10-02 21:00:19+00:00
way/392926648,Pacha,,,,41.3857491,2.1970415,0,39640.0,10.227388139723876,-8.022118446081992,17.0,-38.10978818,305.3020923,100.0,20.9,2026-10-02 21:00:19+00:00
way/412702054,Camping,,,,41.3953192,2.2042386,0,16373.0,229.6911272318941,-180.1642221352216,24.0,-38.10978818,305.3020923,100.0,20.9,2026-10-02 21:00:19+00:00
way/443599336,Asador Casa Juaco,,,,41.4476663,2.1426909,1,,,,,-38.10978818,305.3020923,100.0,20.9,2026-10-02 21:00:19+00:00
way/446002194,La Base by Farré,,,,41.3967358,2.2101884,0,32840.0,4.542764106619294,-3.5632354260971373,5.0,-38.10978818,305.3020923,100.0,20.9,2026-10-02 21:00:19+00:00
node/476327681,Can Paixano,,,,41.3817618,2.1834151,0,31987.0,16.240630337605477,-12.738761688457947,21.0,-38.10978818,305.3020923,100.0,20.9,2026-10-02 21:00:19+00:00
node/506202703,Bar Almogávares,,,,41.3962323,2.1890864,0,25125.0,33.266582055076256,-26.093510669218862,26.0,-38.10978818,305.3020923,100.0,20.9,2026-10-02 21:00:19+00:00
way/519771543,Restaurant Can Cases,,,,41.4343885,2.0985276,1,,,,,-38.10978818,305.3020923,100.0,20.9,2026-10-02 21:00:19+00:00
node/534367691,Sant Bartomeu,,,,41.3755248,2.1346488,0,36594.0,2.258007808448096,-1.7711272755154959,20.0,-38.10978818,305.3020923,100.0,20.9,2026-10-02 21:00:19+00:00
node/643022131,Euro Bar-Tapas,,,,41.4342324,2.2161197,1,,,,,-38.10978818,305.3020923,100.0,20.9,2026-10-02 21:00:19+00:00
node/643429648,Joan Figuera,,,,41.4336545,2.2169391,1,,,,,-38.10978818,305.3020923,100.0,20.9,2026-10-02 21:00:19+00:00
node/643496696,El rincón de Willy,,,,41.4380246,2.2180623,1,,,,,-38.10978818,305.3020923,100.0,20.9,2026-10-02 21:00:19+00:00
node/643496704,Bar Somni d'estiu,,,,41.4382361,2.2166687,1,,,,,-38.10978818,305.3020923,100.0,20.9,2026-10-02 21:00:19+00:00
way/655221168,L'Ovella Negra Marina,,,,41.3960196,2.1901331,0,25208.0,34.06304686404995,-26.718238600576665,13.0,-38.10978818,305.3020923,100.0,20.9,2026-10-02 21:00:19+00:00
node/660004524,Bocatapa Can Manel,,,,41.4413833,2.2212875,1,,,,,-38.10978818,305.3020923,100.0,20.9,2026-10-02 21:00:19+00:00
node/672140180,Kasparo,,,,41.3844847,2.1690087,0,48565.0,7.986484862915783,-6.264407555757541,26.0,-38.10978818,305.3020923,100.0,20.9,2026-10-02 21:00:19+00:00
node/704031158,Café Zurich,,,,41.3858504,2.1694606,0,2790.0,100.52779537767606,-78.851596382748,39.0,-38.10978818,305.3020923,100.0,20.9,2026-10-02 21:00:19+00:00
node/704042058,Starbucks,,,,41.3888305,2.1719117,0,12262.0,9.4028272285555,-7.375352604692834,35.0,-38.10978818,305.3020923,100.0,20.9,2026-10-02 21:00:19+00:00
node/704058886,Tapa Tapa,,,,41.3916926,2.1660167,0,127.0,293.72829262623435,-230.39344182714285,27.0,-38.10978818,305.3020923,100.0,20.9,2026-10-02 21:00:19+00:00
node/704060428,Oassis Natural Cooking,,,,41.3901637,2.1678915,0,18032.0,290.5359645531504,-227.88945610066355,41.0,-38.10978818,305.3020923,100.0,20.9,2026-10-02 21:00:19+00:00
node/704066257,Ciutat Comtal,,,,41.3888272,2.1668833,0,64315.0,16.86582445207839,-13.229148986717895,34.0,-38.10978818,305.3020923,100.0,20.9,2026-10-02 21:00:19+00:00
node/704066614,Taller de Tapas,,,,41.3905645,2.1639038,0,13161.0,0.6191397035071662,-0.4856383632215086,39.0,-38.10978818,305.3020923,100.0,20.9,2026-10-02 21:00:19+00:00
way/707305723,Bar Frankfurt Cafeteria Fabregada,,,,41.3561748,2.1108239,1,,,,,-38.10978818,305.3020923,100.0,20.9,2026-10-02 21:00:19+00:00
node/745947750,Bar Geminis,,,,41.3976224,2.1807778,0,56802.0,4.3348168318273235,-3.4001265613380274,26.0,-38.10978818,305.3020923,100.0,20.9,2026-10-02 21:00:19+00:00
node/765796519,La Cafetera,,,,41.4049767,2.1575215,0,10917.0,35.93601648588209,-28.187351139084125,29.0,-38.10978818,305.3020923,100.0,20.9,2026-10-02 21:00:19+00:00
node/814006271,Les 15 Nits Bar,,,,41.3804529,2.1749778,0,27874.0,14.713609969402315,-11.541003463586641,23.0,-38.10978818,305.3020923,100.0,20.9,2026-10-02 21:00:19+00:00
node/819552792,Bracafe,,,,41.3944249,2.1675209,0,52929.0,6.920246082761327,-5.428075378925152,42.0,-38.10978818,305.3020923,100.0,20.9,2026-10-02 21:00:19+00:00
node/824476551,Caleuche,,,,41.3761526,2.1686172,0,12021.0,74.82229433521435,-58.688816671907844,26.0,-38.10978818,305.3020923,100.0,20.9,2026-10-02 21:00:19+00:00
node/830462039,Bar Restaurant Angela,,,,41.4043015,2.1949428,0,42138.0,4.122330578662072,-3.2334574305914328,46.0,-38.10978818,305.3020923,100.0,20.9,2026-10-02 21:00:19+00:00
way/907005766,Chevy's Bar,,,,41.4143731,2.2289499,1,,,,,-38.10978818,305.3020923,100.0,20.9,2026-10-02 21:00:19+00:00
way/969257968,,,,,41.3793991,2.1073385,1,,,,,-38.10978818,305.3020923,100.0,20.9,2026-10-02 21:00:19+00:00
way/1063378975,Bar Restaurant Oliver,,,,41.3469215,2.1546999,0,36793.0,17.941869749316147,-14.073173160814006,7.0,-38.10978818,305.3020923,100.0,20.9,2026-10-02 21:00:19+00:00
node/1072798261,Taverna del Bisbe,,,,41.3849254,2.1766628,0,41029.0,51.60106300528634,-40.474638658166995,37.0,-38.10978818,305.3020923,100.0,20.9,2026-10-02 21:00:19+00:00
node/1072800838,El Cafè D'en Victor,,,,41.3847931,2.1767008,0,41029.0,64.1898416933622,-50.34897532629541,37.0,-38.10978818,305.3020923,100.0,20.9,2026-10-02 21:00:19+00:00
node/1083144027,Los Caracoles,,,,41.3796584,2.1765082,0,44138.0,9.430661646300754,-7.3971852557059385,25.0,-38.10978818,305.3020923,100.0,20.9,2026-10-02 21:00:19+00:00
node/1092685793,Elche,,,,41.3739754,2.1691488,0,68316.0,84.58631508178539,-66.34748082632308,24.0,-38.10978818,305.3020923,100.0,20.9,2026-10-02 21:00:19+00:00
way/1112240803,ForumStation,,,,41.4096655,2.2221501,1,,,,,-38.10978818,305.3020923,100.0,20.9,2026-10-02 21:00:19+00:00
node/1177498341,Casa Vall,,,,41.4074238,2.1585521,0,20297.0,43.45240319870524,-34.083024958543966,15.0,-38.10978818,305.3020923,100.0,20.9,2026-10-02 21:00:19+00:00
node/1192698924,Bilbao Berria,,,,41.3841976,2.1748665,0,28462.0,10.087692317825562,-7.912544387252803,25.0,-38.10978818,305.3020923,100.0,20.9,2026-10-02 21:00:19+00:00
node/1192699873,Tapas 24,,,,41.3908686,2.1674705,0,67170.0,21.474570934110105,-16.844139408683077,31.0,-38.10978818,305.3020923,100.0,20.9,2026-10-02 21:00:19+00:00
way/1200964257,Chiringuito Joan Miro,,,,41.3789977,2.1478116,0,31350.0,35.377554540833835,-27.749306957167764,25.0,-38.10978818,305.3020923,100.0,20.9,2026-10-02 21:00:19+00:00
node/1264182304,Tosca del Carme,,,,41.3819482,2.1695795,0,38996.0,43.04158437592747,-33.760788507635965,23.0,-38.10978818,305.3020923,100.0,20.9,2026-10-02 21:00:19+00:00
node/1280416455,Carballeira,,,,41.4442679,2.2217701,1,,,,,-38.10978818,305.3020923,100.0,20.9,2026-10-02 21:00:19+00:00
way/1300745688,La Casona de Sant Just,,,,41.3833348,2.0735139,1,,,,,-38.10978818,305.3020923,100.0,20.9,2026-10-02 21:00:19+00:00
node/1310450869,El Filete Ruso,,,,41.3925451,2.1558968,0,42625.0,7.090803155689321,-5.561856264343113,31.0,-38.10978818,305.3020923,100.0,20.9,2026-10-02 21:00:19+00:00
node/1312325106,La Palmera,,,,41.4144229,2.1385123,0,13561.0,279.8519908278297,-219.50920285042713,16.0,-38.10978818,305.3020923,100.0,20.9,2026-10-02 21:00:19+00:00
node/1314943380,Mescladís del Pou,,,,41.3870865,2.1803497,0,16619.0,3.7674593147726454,-2.9551049056711594,21.0,-38.10978818,305.3020923,100.0,20.9,2026-10-02 21:00:19+00:00
node/1335697982,,,,,41.3608771,2.1101417,1,,,,,-38.10978818,305.3020923,100.0,20.9,2026-10-02 21:00:19+00:00
way/1368167814,Natura Beach. El Chiringuito,,,,41.4028929,2.2157443,0,60540.0,185.54751859054397,-145.53903217269809,46.0,-38.10978818,305.3020923,100.0,20.9,2026-10-02 21:00:19+00:00
node/1420760625,Tapeo,,,,41.4044988,2.1554811,0,71923.0,1.7936798999329897,-1.4069195785902207,14.0,-38.10978818,305.3020923,100.0,20.9,2026-10-02 21:00:19+00:00
node/1420760630,Diamant,,,,41.4042174,2.1555899,0,2632.0,19.81287132861738,-15.540742013868819,17.0,-38.10978818,305.3020923,100.0,20.9,2026-10-02 21:00:19+00:00
node/1428867664,Café Berlin,,,,41.3943566,2.1494599,0,55219.0,22.350491570950805,-17.531190589503264,34.0,-38.10978818,305.3020923,100.0,20.9,2026-10-02 21:00:19+00:00
node/1430537485,Oasis Restaurant,,,,41.3827219,2.1847191,0,2497.0,9.619468989948007,-7.545281216623411,17.0,-38.10978818,305.3020923,100.0,20.9,2026-10-02 21:00:19+00:00
node/1445598557,Bracafe,,,,41.3948025,2.1817533,0,12176.0,5.527876885108611,-4.335934309118468,36.0,-38.10978818,305.3020923,100.0,20.9,2026-10-02 21:00:19+00:00
node/1554649942,Torrades,,,,41.4375721,2.1566095,0,65880.0,68.39849479101474,-53.65014207450002,7.0,-38.10978818,305.3020923,100.0,20.9,2026-10-02 21:00:19+00:00
node/1554649988,La Panera,,,,41.4374756,2.1563359,0,23756.0,39.72718288121466,-31.16105131127537,17.0,-38.10978818,305.3020923,100.0,20.9,2026-10-02 21:00:19+00:00
node/1658425572,Rebeka,,,,41.3967185,2.1890325,0,70905.0,131.3526115594048,-103.02984434892024,14.0,-38.10978818,305.3020923,100.0,20.9,2026-10-02 21:00:19+00:00
node/1685949861,Cerveceria Milenium 2,,,,41.3534566,2.0866307,1,,,,,-38.10978818,305.3020923,100.0,20.9,2026-10-02 21:00:19+00:00
node/1711342192,Calero's Centre,,,,41.3744728,2.1349721,0,71486.0,50.87833392624678,-39.90774726837374,36.0,-38.10978818,305.3020923,100.0,20.9,2026-10-02 21:00:19+00:00
node/1722136431,Cervecería Catalana,,,,41.3924032,2.1609008,0,25449.0,24.358878077349374,-19.106520890820754,40.0,-38.10978818,305.3020923,100.0,20.9,2026-10-02 21:00:19+00:00
node/1739122591,La Tagliatella,,,,41.3943371,2.1521208,0,18950.0,93.00467690050671,-72.95064232847176,35.0,-38.10978818,305.3020923,100.0,20.9,2026-10-02 21:00:19+00:00
node/1813593370,Bar Capricornio,,,,41.4381257,2.2179547,1,,,,,-38.10978818,305.3020923,100.0,20.9,2026-10-02 21:00:19+00:00
node/1820633320,CASA TEVA,,,,41.3752815,2.1166845,0,33723.0,132.28639360334336,-103.76228063245233,31.0,-38.10978818,305.3020923,100.0,20.9,2026-10-02 21:00:19+00:00
node/1824133931,Carmesí,,,,41.3737373,2.1644452,0,67851.0,1.7567713508082936,-1.3779693961285486,29.0,-38.10978818,305.3020923,100.0,20.9,2026-10-02 21:00:19+00:00
node/1948986220,Cafeteria UPF Jaume I,,,,41.3900298,2.1901118,0,37628.0,31.852848909907372,-24.984612230364558,8.0,-38.10978818,305.3020923,100.0,20.9,2026-10-02 21:00:19+00:00
node/1948987514,Cafeteria UPF Roger de Lluria,,,,41.3886776,2.1915119,0,46479.0,90.49750274218839,-70.9840749323576,29.0,-38.10978818,305.3020923,100.0,20.9,2026-10-02 21:00:19+00:00
node/1951812612,Casa Pagès,,,,41.3998447,2.1613114,0,56621.0,4.1959200919156245,-3.291179283291692,25.0,-38.10978818,305.3020923,100.0,20.9,2026-10-02 21:00:19+00:00
node/1960366982,Casa Amalia,,,,41.3962525,2.1685646,0,15731.0,41.167262235844184,-32.29061508618724,33.0,-38.10978818,305.3020923,100.0,20.9,2026-10-02 21:00:19+00:00
node/1984001407,Bar de la FIB,,,,41.3894239,2.1132363,0,23990.0,13.549659469115486,-10.628028552386153,20.0,-38.10978818,305.3020923,100.0,20.9,2026-10-02 21:00:19+00:00
node/2034780565,Cerbeseria Lesseps,,,,41.4073551,2.1514486,0,27335.0,112.25489265315966,-88.05005077671557,17.0,-38.10978818,305.3020923,100.0,20.9,2026-10-02 21:00:19+00:00
node/2034780569,L'Brasseria,,,,41.4067629,2.1516314,0,61453.0,20.095378726475573,-15.762334054431975,6.0,-38.10978818,305.3020923,100.0,20.9,2026-10-02 21:00:19+00:00
node/2056517879,Caelum,,,,41.3830524,2.1744369,0,36137.0,7.457248657643441,-5.849287344551367,24.0,-38.10978818,305.3020923,100.0,20.9,2026-10-02 21:00:19+00:00
node/2065469522,Restaurant Pipa,,,,41.3997461,2.2003004,0,74.0,29.738536601196564,-23.326196265235744,25.0,-38.10978818,305.3020923,100.0,20.9,2026-10-02 21:00:19+00:00
node/2087204991,La Sanguchería,,,,41.3954987,2.1484037,0,53852.0,3.435759069265907,-2.694927172930748,33.0,-38.10978818,305.3020923,100.0,20.9,2026-10-02 21:00:19+00:00
node/2091604731,Tapa Tapa,,,,41.3762094,2.1500463,1,,,,,-38.10978818,305.3020923,100.0,20.9,2026-10-02 21:00:19+00:00
node/2112843062,El Vaixell-2,,,,41.4541291,2.2350201,1,,,,,-38.10978818,305.3020923,100.0,20.9,2026-10-02 21:00:19+00:00
node/2165154147,Asador de Lugo,,,,41.3797623,2.1376748,0,64884.0,13.906646675887789,-10.9080407722549,23.0,-38.10978818,305.3020923,100.0,20.9,2026-10-02 21:00:19+00:00
node/2184580476,Bar del Pi,,,,41.3824922,2.1739624,0,27741.0,11.523919036125163,-9.039086246447177,24.0,-38.10978818,305.3020923,100.0,20.9,2026-10-02 21:00:19+00:00
node/2187210264,Sopa,,,,41.4023416,2.1952788,0,26067.0,107.94491963111787,-84.66941110509256,25.0,-38.10978818,305.3020923,100.0,20.9,2026-10-02 21:00:19+00:00
node/2197824500,Tierra del fuego,,,,41.4016702,2.2016399,0,61679.0,3.9691067386812775,-3.1132723181955093,20.0,-38.10978818,305.3020923,100.0,20.9,2026-10-02 21:00:19+00:00
node/2213839299,Pollo Rico,,,,41.3791045,2.1721976,0,4586.0,25.497760260186343,-19.999832813868316,28.0,-38.10978818,305.3020923,100.0,20.9,2026-10-02 21:00:19+00:00
node/2364075421,Chen-Ji,,,,41.3936143,2.1807074,0,70309.0,46.952438375071964,-36.828368771321706,7.0,-38.10978818,305.3020923,100.0,20.9,2026-10-02 21:00:19+00:00
node/2434563732,La Bella Napoli,,,,41.3743686,2.1637621,0,42656.0,21.789990470275484,-17.09154694272385,24.0,-38.10978818,305.3020923,100.0,20.9,2026-10-02 21:00:19+00:00
node/2442785485,El Círcol,,,,41.4501968,2.2474223,1,,,,,-38.10978818,305.3020923,100.0,20.9,2026-10-02 21:00:19+00:00
node/2468197823,365 Cafeteria Forn de Pa,,,,41.3752071,2.1635151,0,55637.0,169.75763732780894,-133.15382726908805,24.0,-38.10978818,305.3020923,100.0,20.9,2026-10-02 21:00:19+00:00
node/2476332030,Bar Lennon,,,,41.4028901,2.1612576,0,37500.0,6.948548885163885,-5.450275419651827,18.0,-38.10978818,305.3020923,100.0,20.9,2026-10-02 21:00:19+00:00
node/2500906795,Bar Lúdic Queimada Nivell Q,,,,41.4094152,2.1808913,0,28454.0,12.59668454229074,-9.8805378309339,32.0,-38.10978818,305.3020923,100.0,20.9,2026-10-02 21:00:19+00:00
node/2598482930,Con Gracia,,,,41.3990704,2.1600617,0,22190.0,5.219370581823147,-4.093949349468182,27.0,-38.10978818,305.3020923,100.0,20.9,2026-10-02 21:00:19+00:00
node/2609183969,Fukuoka,,,,41.4022587,2.1612976,0,24277.0,25.260702874950926,-19.813890675279612,26.0,-38.10978818,305.3020923,100.0,20.9,2026-10-02 21:00:19+00:00
node/2610750687,Xiringuito Aigua,,,,41.4096717,2.1683236,0,63161.0,83.5989463811015,-65.57301245193183,33.0,-38.10978818,305.3020923,100.0,20.9,2026-10-02 21:00:19+00:00
node/2618447074,Vegetalia,,,,41.3803973,2.1776952,0,13365.0,55.66552450676357,-43.66270496981387,23.0,-38.10978818,305.3020923,100.0,20.9,2026-10-02 21:00:19+00:00
node/2618538581,Veggie Garden,,,,41.3822767,2.1680336,0,1054.0,23.75508122857314,-18.632917095591683,34.0,-38.10978818,305.3020923,100.0,20.9,2026-10-02 21:00:19+00:00
node/2618538595,Biocenter,,,,41.3825765,2.1694364,0,65181.0,18.4871314334368,-14.50086337403047,25.0,-38.10978818,305.3020923,100.0,20.9,2026-10-02 21:00:19+00:00
node/2684052224,Pai Mei,,,,41.4051863,2.1931071,0,55180.0,87.69644217892657,-68.78699007489935,42.0,-38.10978818,305.3020923,100.0,20.9,2026-10-02 21:00:19+00:00
node/2687089274,Dolça Estona,,,,41.4117096,2.1394938,0,50182.0,0.34856075555843924,-0.2734027132386827,26.0,-38.10978818,305.3020923,100.0,20.9,2026-10-02 21:00:19+00:00
node/2689736934,Bar Bodega Molina,,,,41.4403298,2.1817019,0,68606.0,81.59881961500247,-64.00416089319373,11.0,-38.10978818,305.3020923,100.0,20.9,2026-10-02 21:00:19+00:00
node/2721077740,Bar Veni,,,,41.3848861,2.1667078,0,64872.0,23.213771978315954,-18.208327076889194,24.0,-38.10978818,305.3020923,100.0,20.9,2026-10-02 21:00:19+00:00
node/2727449418,Las Euras,,,,41.3998785,2.1577187,0,57029.0,10.359103681562774,-8.125432964254765,23.0,-38.10978818,305.3020923,100.0,20.9,2026-10-02 21:00:19+00:00
node/2793491051,La bona tapa,,,,41.4368098,2.2166172,1,,,,,-38.10978818,305.3020923,100.0,20.9,2026-10-02 21:00:19+00:00
node/2892028393,Kino,,,,41.3825992,2.1665452,0,57753.0,26.449574933441767,-20.746413460193526,23.0,-38.10978818,305.3020923,100.0,20.9,2026-10-02 21:00:19+00:00
node/2892037115,23 Robadors,,,,41.3796029,2.1708903,0,37707.0,6.679268186797012,-5.239058085565095,22.0,-38.10978818,305.3020923,100.0,20.9,2026-10-02 21:00:19+00:00
node/2910255826,Shôko,,,,41.3854991,2.1969746,0,29173.0,32.14554884271336,-25.21419905136432,17.0,-38.10978818,305.3020923,100.0,20.9,2026-10-02 21:00:19+00:00
node/2910255827,Opium,,,,41.3852778,2.1967099,0,29173.0,32.26163083684385,-25.305250988931377,17.0,-38.10978818,305.3020923,100.0,20.9,2026-10-02 21:00:19+00:00
node/2927944587,Tapas Tapas!,,,,41.3745104,2.1829399,1,,,,,-38.10978818,305.3020923,100.0,20.9,2026-10-02 21:00:19+00:00
node/2951499208,El racó d'en Henry,,,,41.4394757,2.2215013,1,,,,,-38.10978818,305.3020923,100.0,20.9,2026-10-02 21:00:19+00:00
node/2966340931,El Capritx,,,,41.4022886,2.1998883,0,64211.0,7.402498199831233,-5.806342395993014,23.0,-38.10978818,305.3020923,100.0,20.9,2026-10-02 21:00:19+00:00
node/2968119440,Can Tresó,,,,41.4028999,2.1537483,0,729.0,14.873216094138325,-11.666194687373224,26.0,-38.10978818,305.3020923,100.0,20.9,2026-10-02 21:00:19+00:00
node/2969276727,La Sirena Verde,,,,41.4027605,2.1657128,0,20001.0,0.3429611638500402,-0.269010527538797,35.0,-38.10978818,305.3020923,100.0,20.9,2026-10-02 21:00:19+00:00
node/2969277275,Café de l'Eixample,,,,41.4005021,2.1690108,0,20457.0,1.8633655595839,-1.4615793419702436,47.0,-38.10978818,305.3020923,100.0,20.9,2026-10-02 21:00:19+00:00
node/2970751844,Taverna El Disbarat,,,,41.4017728,2.1545227,0,2748.0,7.808451576768481,-6.124762507646809,23.0,-38.10978818,305.3020923,100.0,20.9,2026-10-02 21:00:19+00:00
node/3007755352,La Pausa,,,,41.4071883,2.1557816,0,21078.0,18.086672589788737,-14.186753042767288,20.0,-38.10978818,305.3020923,100.0,20.9,2026-10-02 21:00:19+00:00
node/3007803307,Oh La Lá,,,,41.4460123,2.2485803,1,,,,,-38.10978818,305.3020923,100.0,20.9,2026-10-02 21:00:19+00:00
node/3048077142,L'Aliança del Poblenou,,,,41.3997067,2.2032276,0,28500.0,98.06395681377614,-76.91902038958116,29.0,-38.10978818,305.3020923,100.0,20.9,2026-10-02 21:00:19+00:00
node/3049368344,Clot76,,,,41.4082815,2.1885259,0,28263.0,11.969799340623123,-9.388824084357601,17.0,-38.10978818,305.3020923,100.0,20.9,2026-10-02 21:00:19+00:00
node/3084370508,Marina Bay By Moncho's,,,,41.3863077,2.1975017,0,39640.0,23.72001684817204,-18.605413434933343,17.0,-38.10978818,305.3020923,100.0,20.9,2026-10-02 21:00:19+00:00
node/3084507933,Caravelle,,,,41.3822872,2.1688475,0,62427.0,14.535451822120411,-11.401260477390702,25.0,-38.10978818,305.3020923,100.0,20.9,2026-10-02 21:00:19+00:00
node/3120072573,Bar Restaurant Nàutic,,,,41.3806088,2.1408397,0,29268.0,53.91704806774428,-42.29124190393917,24.0,-38.10978818,305.3020923,100.0,20.9,2026-10-02 21:00:19+00:00
node/3177990194,Mezcal Taco Bar,,,,41.3830563,2.1554872,0,10714.0,37.610094323975446,-29.500457723255316,35.0,-38.10978818,305.3020923,100.0,20.9,2026-10-02 21:00:19+00:00
node/3270120640,Luigi,,,,41.3862659,2.1753788,0,71826.0,17.367580465327777,-13.622714393088515,34.0,-38.10978818,305.3020923,100.0,20.9,2026-10-02 21:00:19+00:00
node/3271554311,Al Sultán,,,,41.4035661,2.1554863,0,48435.0,6.362930193855367,-4.990930136013916,25.0,-38.10978818,305.3020923,100.0,20.9,2026-10-02 21:00:19+00:00
node/3328694987,Nou Candanchú,,,,41.4005128,2.1576475,0,53870.0,10.81496753953396,-8.483001662535486,20.0,-38.10978818,305.3020923,100.0,20.9,2026-10-02 21:00:19+00:00
node/3339670930,Bahia,,,,41.3803265,2.1774842,0,61564.0,35.27597608449265,-27.669631247474676,23.0,-38.10978818,305.3020923,100.0,20.9,2026-10-02 21:00:19+00:00
node/3441700493,Santos Tapas,,,,41.3818417,2.1745121,0,52845.0,21.788644118528197,-17.0904908966406,59.0,-38.10978818,305.3020923,100.0,20.9,2026-10-02 21:00:19+00:00
node/3491476947,Bar del Pla,,,,41.3856036,2.1800221,0,14809.0,2.741573691482948,-2.150424779158938,26.0,-38.10978818,305.3020923,100.0,20.9,2026-10-02 21:00:19+00:00
node/3496970198,Centre Cívic Can Deu,,,,41.3869027,2.1327794,0,48537.0,7.188636495603165,-5.6385943943566135,14.0,-38.10978818,305.3020923,100.0,20.9,2026-10-02 21:00:19+00:00
node/3504769719,El Rincón,,,,41.3908977,2.1900669,0,34533.0,115.55033312737719,-90.63491540246541,32.0,-38.10978818,305.3020923,100.0,20.9,2026-10-02 21:00:19+00:00
node/3517276245,Bar Canigó,,,,41.4029724,2.1579186,0,43980.0,39.66331368415092,-31.11095384192135,15.0,-38.10978818,305.3020923,100.0,20.9,2026-10-02 21:00:19+00:00
node/3522552400,Àpat's,,,,41.3757617,2.1419109,0,51282.0,23.10676534338387,-18.124393633842512,26.0,-38.10978818,305.3020923,100.0,20.9,2026-10-02 21:00:19+00:00
node/3548547194,El Bon Menjador - 2,,,,41.4388101,2.2172863,1,,,,,-38.10978818,305.3020923,100.0,20.9,2026-10-02 21:00:19+00:00
node/3548548998,Bar Morales,,,,41.4395878,2.2165237,1,,,,,-38.10978818,305.3020923,100.0,20.9,2026-10-02 21:00:19+00:00
node/3548613495,Bar Paula's Tapería,,,,41.4385437,2.2175484,1,,,,,-38.10978818,305.3020923,100.0,20.9,2026-10-02 21:00:19+00:00
node/3556089494,Delicias Mediterráneas,,,,41.4415079,2.2267435,1,,,,,-38.10978818,305.3020923,100.0,20.9,2026-10-02 21:00:19+00:00
node/3556089497,Xurreria Rodríguez,,,,41.4416928,2.2264651,1,,,,,-38.10978818,305.3020923,100.0,20.9,2026-10-02 21:00:19+00:00
node/3556089803,Bar de La Salut,,,,41.4422594,2.2258792,1,,,,,-38.10978818,305.3020923,100.0,20.9,2026-10-02 21:00:19+00:00
node/3560942698,Sandvitxeria Alhociema,,,,41.4443624,2.2236761,1,,,,,-38.10978818,305.3020923,100.0,20.9,2026-10-02 21:00:19+00:00
node/3560955995,Centro Cultural Castellano-manchego,,,,41.4390698,2.2176297,1,,,,,-38.10978818,305.3020923,100.0,20.9,2026-10-02 21:00:19+00:00
node/3595399490,Bar Familiar,,,,41.4359163,2.2182018,1,,,,,-38.10978818,305.3020923,100.0,20.9,2026-10-02 21:00:19+00:00
node/3595399769,La granja de Casablanca,,,,41.4357671,2.2189395,1,,,,,-38.10978818,305.3020923,100.0,20.9,2026-10-02 21:00:19+00:00
node/3595401238,Bar Alcázar,,,,41.4365542,2.2183742,1,,,,,-38.10978818,305.3020923,100.0,20.9,2026-10-02 21:00:19+00:00
node/3596986411,Agrupación Cultural Galega Agarimos,,,,41.4358268,2.2165495,1,,,,,-38.10978818,305.3020923,100.0,20.9,2026-10-02 21:00:19+00:00
node/3612059306,Nabuco Tiramisú,,,,41.4004523,2.1577244,0,32686.0,2.9631569022575492,-2.3242293457024537,15.0,-38.10978818,305.3020923,100.0,20.9,2026-10-02 21:00:19+00:00
node/3620986554,Yamane,,,,41.3868061,2.1808426,0,32050.0,8.853358097451608,-6.944362170775442,23.0,-38.10978818,305.3020923,100.0,20.9,2026-10-02 21:00:19+00:00
node/3620991692,Yamaneko-ryouri,,,,41.4016619,2.1447787,0,42703.0,77.69205532430745,-60.93978849892132,18.0,-38.10978818,305.3020923,100.0,20.9,2026-10-02 21:00:19+00:00
node/3624045193,Bar-Granja Maribel,,,,41.4399092,2.2235793,1,,,,,-38.10978818,305.3020923,100.0,20.9,2026-10-02 21:00:19+00:00
node/3624045293,Bar La Cantonada,,,,41.4396227,2.2242325,1,,,,,-38.10978818,305.3020923,100.0,20.9,2026-10-02 21:00:19+00:00
node/3713349650,Groin's,,,,41.4108415,2.1637178,0,34223.0,63.989181906350495,-50.19158259251217,45.0,-38.10978818,305.3020923,100.0,20.9,2026-10-02 21:00:19+00:00
node/3718061014,Bar Calders,,,,41.3764788,2.1623937,0,18203.0,15.12248636093542,-11.861716317921877,18.0,-38.10978818,305.3020923,100.0,20.9,2026-10-02 21:00:19+00:00
node/3730796125,Buenas Migas,,,,41.3975542,2.1587856,0,53209.0,69.79968367566255,-54.74920109567076,32.0,-38.10978818,305.3020923,100.0,20.9,2026-10-02 21:00:19+00:00
node/3761312382,La Fonda,,,,41.3793598,2.1762144,0,71011.0,8.123067247599213,-6.371539508961029,26.0,-38.10978818,305.3020923,100.0,20.9,2026-10-02 21:00:19+00:00
node/3777075876,Oaxaca,,,,41.3821041,2.1838988,0,17458.0,12.663014532716684,-9.932565487697767,24.0,-38.10978818,305.3020923,100.0,20.9,2026-10-02 21:00:19+00:00
node/3779149860,EsPan's,,,,41.4349094,2.2194667,1,,,,,-38.10978818,305.3020923,100.0,20.9,2026-10-02 21:00:19+00:00
node/3794002044,Samurai Ramen,,,,41.3736753,2.1548947,0,46561.0,47.57805537108328,-37.319087767737955,29.0,-38.10978818,305.3020923,100.0,20.9,2026-10-02 21:00:19+00:00
node/3804046057,Robata Sushi & Grill,,,,41.3904886,2.1585836,0,73874.0,39.60575542856903,-31.06580652400209,32.0,-38.10978818,305.3020923,100.0,20.9,2026-10-02 21:00:19+00:00
node/3809169458,Freiduría El Boquerón,,,,41.4400822,2.2264769,1,,,,,-38.10978818,305.3020923,100.0,20.9,2026-10-02 21:00:19+00:00
node/3809169459,Marisquería Melchor,,,,41.4401715,2.2266602,1,,,,,-38.10978818,305.3020923,100.0,20.9,2026-10-02 21:00:19+00:00
node/3809169461,Elhotro bar,,,,41.4401247,2.2268506,1,,,,,-38.10978818,305.3020923,100.0,20.9,2026-10-02 21:00:19+00:00
node/3809169658,Carte d'Or,,,,41.4403068,2.2274065,1,,,,,-38.10978818,305.3020923,100.0,20.9,2026-10-02 21:00:19+00:00
node/3809169668,Vivari,,,,41.4408122,2.2271125,1,,,,,-38.10978818,305.3020923,100.0,20.9,2026-10-02 21:00:19+00:00
node/3809169669,Pantaiberic delicatessen,,,,41.4408174,2.2269502,1,,,,,-38.10978818,305.3020923,100.0,20.9,2026-10-02 21:00:19+00:00
node/3840009426,La Esquinica,,,,41.4304816,2.1712169,0,20244.0,0.6575800097993684,-0.5157900193400415,33.0,-38.10978818,305.3020923,100.0,20.9,2026-10-02 21:00:19+00:00
node/3874539219,Café del Centre,,,,41.3946111,2.1712059,0,843.0,7.891762915766153,-6.190109927751573,23.0,-38.10978818,305.3020923,100.0,20.9,2026-10-02 21:00:19+00:00
node/3890922254,Characato,,,,41.4046885,2.1836218,0,27026.0,1.5003235044454077,-1.1768178439766177,33.0,-38.10978818,305.3020923,100.0,20.9,2026-10-02 21:00:19+00:00
node/3901403358,Les Dues Sicilies,,,,41.3866097,2.1802613,0,60208.0,14.427107292832437,-11.31627762203614,21.0,-38.10978818,305.3020923,100.0,20.9,2026-10-02 21:00:19+00:00
node/3955968257,El racó de les Glòries,,,,41.3986109,2.1978895,0,70559.0,94.28496262722764,-73.95486780659668,22.0,-38.10978818,305.3020923,100.0,20.9,2026-10-02 21:00:19+00:00
node/4060217594,Matt & Marshall,,,,41.3993348,2.1997769,0,33132.0,1.3869227492867944,-1.0878690060788803,19.0,-38.10978818,305.3020923,100.0,20.9,2026-10-02 21:00:19+00:00
node/4073605889,Mariscco,,,,41.3804885,2.1753271,0,52501.0,11.860090169897374,-9.302770836924367,25.0,-38.10978818,305.3020923,100.0,20.9,2026-10-02 21:00:19+00:00
node/4126257971,Xixbar,,,,41.3758485,2.1576176,0,33613.0,33.32013813667068,-26.1355187776615,25.0,-38.10978818,305.3020923,100.0,20.9,2026-10-02 21:00:19+00:00
node/4127494769,Vapiano,,,,41.3788941,2.1758361,0,38548.0,23.30164941521032,-18.277256034886456,28.0,-38.10978818,305.3020923,100.0,20.9,2026-10-02 21:00:19+00:00
node/4138815989,Nømad Cøffee,,,,41.3889108,2.1771731,0,44885.0,217.86302800273023,-170.88654422644856,28.0,-38.10978818,305.3020923,100.0,20.9,2026-10-02 21:00:19+00:00
node/4150499794,El 68,,,,41.4023622,2.1612062,0,45305.0,10.755750503144913,-8.436553236656959,25.0,-38.10978818,305.3020923,100.0,20.9,2026-10-02 21:00:19+00:00
node/4166496789,Bar Thonet Grill Room,,,,41.3792408,2.1761073,0,35962.0,48.41541290444284,-37.97589097326397,25.0,-38.10978818,305.3020923,100.0,20.9,2026-10-02 21:00:19+00:00
node/4168100800,Cervecería Frankfurt Europa,,,,41.4396191,2.2191504,1,,,,,-38.10978818,305.3020923,100.0,20.9,2026-10-02 21:00:19+00:00
node/4225209596,Bar El Velodromo,,,,41.3934442,2.1501395,0,10724.0,14.368307055651377,-11.270156123479527,27.0,-38.10978818,305.3020923,100.0,20.9,2026-10-02 21:00:19+00:00
node/4225810298,Bar Nolla,,,,41.3905504,2.1647825,0,25754.0,23.113239789675678,-18.129472034536423,29.0,-38.10978818,305.3020923,100.0,20.9,2026-10-02 21:00:19+00:00
node/4233959493,Pastisseria Granja,,,,41.3795042,2.1792309,0,42204.0,24.007355300115673,-18.83079483868125,22.0,-38.10978818,305.3020923,100.0,20.9,2026-10-02 21:00:19+00:00
node/4239222689,Rekons,,,,41.3806195,2.1610796,0,67452.0,12.176076497231964,-9.550622948391112,29.0,-38.10978818,305.3020923,100.0,20.9,2026-10-02 21:00:19+00:00
node/4244877765,Bar La Peña,,,,41.4404265,2.2170329,1,,,,,-38.10978818,305.3020923,100.0,20.9,2026-10-02 21:00:19+00:00
node/4247196393,cal mariner,,,,41.3791754,2.1898206,0,20957.0,58.72204795209499,-46.060168797009275,24.0,-38.10978818,305.3020923,100.0,20.9,2026-10-02 21:00:19+00:00
node/4253851490,El Trencadís,,,,41.3937976,2.1655309,0,55841.0,5.282187318609186,-4.14322129417288,26.0,-38.10978818,305.3020923,100.0,20.9,2026-10-02 21:00:19+00:00
node/4253862889,Hummus,,,,41.3912547,2.1611975,0,45101.0,87.29523492139685,-68.47229270570202,29.0,-38.10978818,305.3020923,100.0,20.9,2026-10-02 21:00:19+00:00
node/4254090289,La tasqueta de Blai,,,,41.3733347,2.1652358,0,67851.0,80.01449268590439,-62.76145277369087,29.0,-38.10978818,305.3020923,100.0,20.9,2026-10-02 21:00:19+00:00
node/4254094290,Rosa Negra,,,,41.3819164,2.1687596,0,48076.0,2.0432362771150268,-1.6026656272762603,24.0,-38.10978818,305.3020923,100.0,20.9,2026-10-02 21:00:19+00:00
node/4254704967,Firebug Brunch,,,,41.3927459,2.1778691,0,38258.0,33.78205376440957,-26.49783433928814,31.0,-38.10978818,305.3020923,100.0,20.9,2026-10-02 21:00:19+00:00
node/4254996890,La Macchina,,,,41.4030005,2.1535966,0,62657.0,20.33953834734192,-15.953847016644945,21.0,-38.10978818,305.3020923,100.0,20.9,2026-10-02 21:00:19+00:00
node/4267035492,Kebabish,,,,41.4409198,2.2217884,1,,,,,-38.10978818,305.3020923,100.0,20.9,2026-10-02 21:00:19+00:00
node/4267055591,La cantina del tapeo,,,,41.4420999,2.2200224,1,,,,,-38.10978818,305.3020923,100.0,20.9,2026-10-02 21:00:19+00:00
node/4278033120,Buenas Migas,,,,41.3838044,2.1696233,0,57258.0,17.420002283219524,-13.663832812233395,26.0,-38.10978818,305.3020923,100.0,20.9,2026-10-02 21:00:19+00:00
node/4283188047,Granja Romaní,,,,41.4348618,2.2179712,1,,,,,-38.10978818,305.3020923,100.0,20.9,2026-10-02 21:00:19+00:00
node/4283194434,Bar La Paradeta,,,,41.4337773,2.2167771,1,,,,,-38.10978818,305.3020923,100.0,20.9,2026-10-02 21:00:19+00:00
node/4291934189,Fonda Espanya,,,,41.3799009,2.1728032,0,6145.0,6.060748537816693,-4.753906078272338,23.0,-38.10978818,305.3020923,100.0,20.9,2026-10-02 21:00:19+00:00
node/4306440989,Blai 9,,,,41.3730722,2.1658539,0,71935.0,16.599893171113496,-13.020558855467018,27.0,-38.10978818,305.3020923,100.0,20.9,2026-10-02 21:00:19+00:00
node/4314857689,El punt,,,,41.4413807,2.2316251,1,,,,,-38.10978818,305.3020923,100.0,20.9,2026-10-02 21:00:19+00:00
node/4314859689,Versace,,,,41.4337089,2.2172203,1,,,,,-38.10978818,305.3020923,100.0,20.9,2026-10-02 21:00:19+00:00
node/4315715092,Petit Comitè,,,,41.3943551,2.1600308,0,67312.0,16.5410967286892,-12.974440333426779,16.0,-38.10978818,305.3020923,100.0,20.9,2026-10-02 21:00:19+00:00
node/4321183403,Brunch & Cake,,,,41.3882834,2.1615596,0,52986.0,6.627288001196897,-5.198286072218518,36.0,-38.10978818,305.3020923,100.0,20.9,2026-10-02 21:00:19+00:00
node/4336933393,Mayura,,,,41.3938992,2.1720914,0,24729.0,34.11030354105382,-26.75530560684592,33.0,-38.10978818,305.3020923,100.0,20.9,2026-10-02 21:00:19+00:00
node/4340119890,VIENA,,,,41.3579934,2.1293918,1,,,,,-38.10978818,305.3020923,100.0,20.9,2026-10-02 21:00:19+00:00
node/4349925690,Nemrut,,,,41.3810051,2.1772158,0,26401.0,10.234653792708011,-8.027817450366426,25.0,-38.10978818,305.3020923,100.0,20.9,2026-10-02 21:00:19+00:00
node/4350019284,Palosanto,,,,41.3808122,2.1772701,0,2239.0,7.782306980359231,-6.104255312040789,22.0,-38.10978818,305.3020923,100.0,20.9,2026-10-02 21:00:19+00:00
node/4364289794,Faborit Casa Amatller,,,,41.3915836,2.1650592,0,18032.0,6.923724796637021,-5.430803998820045,41.0,-38.10978818,305.3020923,100.0,20.9,2026-10-02 21:00:19+00:00
node/4386702690,Red Ant Noodle Bar,,,,41.3880129,2.1810961,0,147.0,4.12110057116358,-3.2324926421520317,24.0,-38.10978818,305.3020923,100.0,20.9,2026-10-02 21:00:19+00:00
node/4396244190,Fresc Co,,,,41.3891657,2.1969678,0,62531.0,2.1015406786792576,-1.648398204243738,29.0,-38.10978818,305.3020923,100.0,20.9,2026-10-02 21:00:19+00:00
node/4401234193,BlackLab Brewhouse & Kitchen,,,,41.3812305,2.1854573,0,12684.0,113.80334593927157,-89.2646204693595,14.0,-38.10978818,305.3020923,100.0,20.9,2026-10-02 21:00:19+00:00
node/4431102493,Forn Puiggròs,,,,41.4102615,2.1741597,0,3055.0,6.631381234624985,-5.2014967065406905,32.0,-38.10978818,305.3020923,100.0,20.9,2026-10-02 21:00:19+00:00
node/4439412389,La Vinya del Senyor,,,,41.3832546,2.1818655,0,30906.0,14.527681533970277,-11.395165649361397,22.0,-38.10978818,305.3020923,100.0,20.9,2026-10-02 21:00:19+00:00
node/4440352791,La Gavina,,,,41.3807532,2.1853211,0,50263.0,152.6693576735537,-119.75018974664339,27.0,-38.10978818,305.3020923,100.0,20.9,2026-10-02 21:00:19+00:00
node/4443367289,Pannus,,,,41.3863691,2.1726728,0,57242.0,4.903563575507162,-3.846237893116063,28.0,-38.10978818,305.3020923,100.0,20.9,2026-10-02 21:00:19+00:00
node/4449185678,Il Caffè di Francesco,,,,41.3908733,2.1652201,0,62023.0,12.816388460883307,-10.052868325674027,34.0,-38.10978818,305.3020923,100.0,20.9,2026-10-02 21:00:19+00:00
node/4451904190,Bar Granadino,,,,41.4404153,2.2238276,1,,,,,-38.10978818,305.3020923,100.0,20.9,2026-10-02 21:00:19+00:00
node/4451904193,La ciudad de oro,,,,41.4408727,2.2240695,1,,,,,-38.10978818,305.3020923,100.0,20.9,2026-10-02 21:00:19+00:00
node/4451986792,Cafe Bar Florida,,,,41.4403503,2.2236929,1,,,,,-38.10978818,305.3020923,100.0,20.9,2026-10-02 21:00:19+00:00
node/4451986793,Bar Amigo,,,,41.4411469,2.2238965,1,,,,,-38.10978818,305.3020923,100.0,20.9,2026-10-02 21:00:19+00:00
node/4451988991,Bar Frankfurt Jaime,,,,41.4408051,2.2241201,1,,,,,-38.10978818,305.3020923,100.0,20.9,2026-10-02 21:00:19+00:00
node/4451989090,Entre tapes,,,,41.4423118,2.2237245,1,,,,,-38.10978818,305.3020923,100.0,20.9,2026-10-02 21:00:19+00:00
node/4451992791,Bar Leo,,,,41.4406309,2.2245529,1,,,,,-38.10978818,305.3020923,100.0,20.9,2026-10-02 21:00:19+00:00
node/4452031691,Bar La Granja,,,,41.4427953,2.2241899,1,,,,,-38.10978818,305.3020923,100.0,20.9,2026-10-02 21:00:19+00:00
node/4455238130,Anahuac,,,,41.3965161,2.1513989,0,16751.0,75.83195206800617,-59.48076802955694,30.0,-38.10978818,305.3020923,100.0,20.9,2026-10-02 21:00:19+00:00
node/4461595656,Cafeteria de la Biblioteca Jaumer Fuster,,,,41.4075557,2.1493457,0,47293.0,36.91248694491414,-28.953271193592457,33.0,-38.10978818,305.3020923,100.0,20.9,2026-10-02 21:00:19+00:00
node/4470059420,Mesón Gallego,,,,41.3818896,2.0709288,1,,,,,-38.10978818,305.3020923,100.0,20.9,2026-10-02 21:00:19+00:00
node/4486639527,Boldú,,,,41.3973783,2.1517865,0,12959.0,22.07285335492166,-17.31341781861429,33.0,-38.10978818,305.3020923,100.0,20.9,2026-10-02 21:00:19+00:00
node/4486683966,La Tagliatella,,,,41.3974141,2.1514101,0,58877.0,4.379059589199168,-3.43482952119145,31.0,-38.10978818,305.3020923,100.0,20.9,2026-10-02 21:00:19+00:00
node/4503193765,Bicioci,,,,41.3999229,2.1619101,0,25940.0,25.014307711351186,-19.62062420685826,18.0,-38.10978818,305.3020923,100.0,20.9,2026-10-02 21:00:19+00:00
node/4509411660,Bar Mediterráneo,,,,41.4343007,2.2180868,1,,,,,-38.10978818,305.3020923,100.0,20.9,2026-10-02 21:00:19+00:00
node/4516538193,Más Que Sushi,,,,41.3774227,2.1527247,0,70524.0,49.89537107948928,-39.13673474034041,37.0,-38.10978818,305.3020923,100.0,20.9,2026-10-02 21:00:19+00:00
node/4516600994,Salambó,,,,41.4044546,2.1576355,0,2927.0,3.730183581176241,-2.9258667124990922,29.0,-38.10978818,305.3020923,100.0,20.9,2026-10-02 21:00:19+00:00
node/4520259289,Cachitos,,,,41.3953057,2.1536913,0,65382.0,7.912162799011126,-6.2061111078614575,36.0,-38.10978818,305.3020923,100.0,20.9,2026-10-02 21:00:19+00:00
node/4572063790,Cafetería 365,,,,41.3744652,2.1675541,0,53114.0,135.0629702357012,-105.94016088057592,34.0,-38.10978818,305.3020923,100.0,20.9,2026-10-02 21:00:19+00:00
node/4580517495,Cadaqués,,,,41.4004717,2.1574102,0,57174.0,2.30846411042244,-1.810703991022882,18.0,-38.10978818,305.3020923,100.0,20.9,2026-10-02 21:00:19+00:00
node/4591423938,Arabia Cafe,,,,41.3796023,2.1762764,0,66388.0,25.500454675484722,-20.001946248732747,27.0,-38.10978818,305.3020923,100.0,20.9,2026-10-02 21:00:19+00:00
node/4602957463,Otafuku Daifuku,,,,41.3861633,2.1813225,0,1938.0,1.0701443259288639,-0.8393955934516527,22.0,-38.10978818,305.3020923,100.0,20.9,2026-10-02 21:00:19+00:00
node/4631918790,Casa López,,,,41.4047191,2.1550626,0,4541.0,3.9842536516586584,-3.1251531941666766,14.0,-38.10978818,305.3020923,100.0,20.9,2026-10-02 21:00:19+00:00
node/4643974106,Kyoka Via Augusta,,,,41.3979693,2.1315017,0,62071.0,20.74268616746643,-16.270066516690818,29.0,-38.10978818,305.3020923,100.0,20.9,2026-10-02 21:00:19+00:00
node/4654613659,afiparc,,,,41.4134414,2.1527296,0,31884.0,30.70942035040262,-24.087734238284394,22.0,-38.10978818,305.3020923,100.0,20.9,2026-10-02 21:00:19+00:00
node/4668687590,Can Vilaró,,,,41.3779004,2.1617005,0,6470.0,7.214108447845905,-5.658573983979357,26.0,-38.10978818,305.3020923,100.0,20.9,2026-10-02 21:00:19+00:00
node/4673198082,Montesquiu,,,,41.4046825,2.1325233,0,7947.0,149.4822962606693,-117.25033506235776,26.0,-38.10978818,305.3020923,100.0,20.9,2026-10-02 21:00:19+00:00
node/4680760648,Sushi Taller,,,,41.4048621,2.1326565,0,21377.0,14.258176880599388,-11.183772650330278,27.0,-38.10978818,305.3020923,100.0,20.9,2026-10-02 21:00:19+00:00
node/4681801089,Orxateria la Valenciana,,,,41.3863413,2.1622578,0,50036.0,4.305705739680981,-3.377292517484181,32.0,-38.10978818,305.3020923,100.0,20.9,2026-10-02 21:00:19+00:00
node/4704972453,majide,,,,41.3849224,2.1674688,0,20255.0,4.427171132111771,-3.4725670638167827,25.0,-38.10978818,305.3020923,100.0,20.9,2026-10-02 21:00:19+00:00
node/4709933976,Sottovoce,,,,41.3579226,2.1294974,1,,,,,-38.10978818,305.3020923,100.0,20.9,2026-10-02 21:00:19+00:00
node/4711659235,Casa Lolea,,,,41.3888056,2.1771897,0,48038.0,3.573285738929453,-2.8027998006694994,24.0,-38.10978818,305.3020923,100.0,20.9,2026-10-02 21:00:19+00:00
node/4720526074,El Charrito,,,,41.3896183,2.1662427,0,67948.0,23.64920178859671,-18.5498677972868,33.0,-38.10978818,305.3020923,100.0,20.9,2026-10-02 21:00:19+00:00
node/4721286889,Prodigi,,,,41.3985973,2.1659559,0,32836.0,4.48603636188837,-3.518739541009622,26.0,-38.10978818,305.3020923,100.0,20.9,2026-10-02 21:00:19+00:00
node/4726582894,Catalina Cafe,,,,41.3862071,2.1793039,0,48408.0,8.111703037388816,-6.362625694494568,22.0,-38.10978818,305.3020923,100.0,20.9,2026-10-02 21:00:19+00:00
node/4726583193,Betlem,,,,41.3949258,2.1712207,0,57810.0,116.44869534655787,-91.3395692232939,36.0,-38.10978818,305.3020923,100.0,20.9,2026-10-02 21:00:19+00:00
node/4727975192,La Coruña,,,,41.4083413,2.1851911,0,49902.0,1.6451587866488613,-1.2904231724470383,34.0,-38.10978818,305.3020923,100.0,20.9,2026-10-02 21:00:19+00:00
node/4728103192,Cafè Arrels,,,,41.4137041,2.1809929,0,34460.0,7.234095822442354,-5.674251602179467,37.0,-38.10978818,305.3020923,100.0,20.9,2026-10-02 21:00:19+00:00
node/4729343193,Cervecería Frankfurt El Molino,,,,41.3746194,2.1669636,0,68946.0,99.24707978752343,-77.8470337300368,35.0,-38.10978818,305.3020923,100.0,20.9,2026-10-02 21:00:19+00:00
node/4735766123,I'll Pomo d'Oro,,,,41.3926987,2.1585151,0,51632.0,11.704064149941688,-9.180387761631298,34.0,-38.10978818,305.3020923,100.0,20.9,2026-10-02 21:00:19+00:00
node/4743830714,Casa Escarré (Joan's),,,,41.3747567,2.1427755,0,5801.0,2.6307986694449177,-2.0635355034693954,19.0,-38.10978818,305.3020923,100.0,20.9,2026-10-02 21:00:19+00:00
node/4751727952,Bar Ribalda,,,,41.4026552,2.1328307,0,20361.0,21.87967377808889,-17.161892382643273,23.0,-38.10978818,305.3020923,100.0,20.9,2026-10-02 21:00:19+00:00
node/4755496723,Brewdog,,,,41.3857301,2.1581661,0,8643.0,8.94890048927244,-7.019303335942698,28.0,-38.10978818,305.3020923,100.0,20.9,2026-10-02 21:00:19+00:00
node/4756509699,Morro fi,,,,41.3833069,2.1550311,0,28706.0,10.095395289154462,-7.918586413578879,33.0,-38.10978818,305.3020923,100.0,20.9,2026-10-02 21:00:19+00:00
node/4776357929,Tomodachi,,,,41.4053891,2.1644663,0,12645.0,20.60727751938426,-16.163855214381886,26.0,-38.10978818,305.3020923,100.0,20.9,2026-10-02 21:00:19+00:00
node/4778618049,De Gustibus Italiae,,,,41.4027491,2.1330183,0,14781.0,20.95254438635193,-16.43467428025505,25.0,-38.10978818,305.3020923,100.0,20.9,2026-10-02 21:00:19+00:00
node/4784670742,Índigo Café,,,,41.3874831,2.1626443,0,57586.0,4.911970633400708,-3.8528321880898835,26.0,-38.10978818,305.3020923,100.0,20.9,2026-10-02 21:00:19+00:00
node/4792724121,Venus Delicatessen Barcelona,,,,41.3807065,2.1779781,0,74418.0,12.342243625758114,-9.680960466501391,26.0,-38.10978818,305.3020923,100.0,20.9,2026-10-02 21:00:19+00:00
node/4802341078,El Quatre,,,,41.4031267,2.1333762,0,41477.0,14.035774676298734,-11.009325684868992,27.0,-38.10978818,305.3020923,100.0,20.9,2026-10-02 21:00:19+00:00
node/4805335780,Madonna Vegan,,,,41.3812162,2.1671279,0,7812.0,30.592163528315506,-23.99576079378976,21.0,-38.10978818,305.3020923,100.0,20.9,2026-10-02 21:00:19+00:00
node/4816093515,Olímpic Bar,,,,41.4422394,2.2177816,1,,,,,-38.10978818,305.3020923,100.0,20.9,2026-10-02 21:00:19+00:00
node/4822739686,Bar El Racó,,,,41.4417497,2.2212713,1,,,,,-38.10978818,305.3020923,100.0,20.9,2026-10-02 21:00:19+00:00
node/4838956921,Supra,,,,41.3910798,2.1613999,0,33385.0,23.63988923703829,-18.542563254756853,25.0,-38.10978818,305.3020923,100.0,20.9,2026-10-02 21:00:19+00:00
node/4844565923,Pampa Drugstore,,,,41.3827176,2.1712051,0,50805.0,8.189405667918935,-6.423573777931792,23.0,-38.10978818,305.3020923,100.0,20.9,2026-10-02 21:00:19+00:00
node/4847673021,Usagui,,,,41.4021671,2.1463849,0,66252.0,1.8188140769431456,-1.4266342254057767,23.0,-38.10978818,305.3020923,100.0,20.9,2026-10-02 21:00:19+00:00
node/4859449960,Restaurant el Magatzem,,,,41.3805096,2.1863595,0,43388.0,9.963963175452717,-7.815494209652532,22.0,-38.10978818,305.3020923,100.0,20.9,2026-10-02 21:00:19+00:00
node/4859450597,Restaurant Cal Pinxo,,,,41.3806265,2.1855795,0,50263.0,178.4511139730227,-139.97278225577494,27.0,-38.10978818,305.3020923,100.0,20.9,2026-10-02 21:00:19+00:00
node/4867833221,Pizzeria El Mundo,,,,41.3751322,2.1231212,0,3921.0,29.666674746781062,-23.269829546773465,17.0,-38.10978818,305.3020923,100.0,20.9,2026-10-02 21:00:19+00:00
node/4881181797,Sierra Nevada,,,,41.4420581,2.1834715,0,47149.0,0.9600994072850529,-0.7530789933882135,22.0,-38.10978818,305.3020923,100.0,20.9,2026-10-02 21:00:19+00:00
node/4903340658,El Ramblero,,,,41.4219271,2.1969049,1,,,,,-38.10978818,305.3020923,100.0,20.9,2026-10-02 21:00:19+00:00
node/4906736149,L'Olivera,,,,41.4058547,2.1893093,0,33832.0,47.133244988097616,-36.9701891506513,6.0,-38.10978818,305.3020923,100.0,20.9,2026-10-02 21:00:19+00:00
node/4917663030,Picnic,,,,41.4179648,2.1988442,0,4941.0,23.167103209484008,-18.171721211717365,33.0,-38.10978818,305.3020923,100.0,20.9,2026-10-02 21:00:19+00:00
node/4937772721,Vila's Bar,,,,41.4059086,2.1571314,0,25095.0,52.05299696072132,-40.829124834967516,9.0,-38.10978818,305.3020923,100.0,20.9,2026-10-02 21:00:19+00:00
node/4938104321,Hammock Juice Station,,,,41.3971863,2.1671778,0,46169.0,19.8791019624192,-15.592691737675,27.0,-38.10978818,305.3020923,100.0,20.9,2026-10-02 21:00:19+00:00
node/4973805221,Brunch & Cake by the sea,,,,41.3809714,2.1872568,0,28327.0,246.89247185322745,-193.65654511143134,26.0,-38.10978818,305.3020923,100.0,20.9,2026-10-02 21:00:19+00:00
node/4973805421,Quinoa Aragó Vegetarià,,,,41.3886233,2.1598684,0,57903.0,0.26392015536015856,-0.2070126524663915,25.0,-38.10978818,305.3020923,100.0,20.9,2026-10-02 21:00:19+00:00
node/4977546909,Tonkotsu,,,,41.3938467,2.1650368,0,76108.0,21.578882952285472,-16.925959258846234,26.0,-38.10978818,305.3020923,100.0,20.9,2026-10-02 21:00:19+00:00
node/4983764927,Cervecería-Frankfurt,,,,41.4394391,2.2207951,1,,,,,-38.10978818,305.3020923,100.0,20.9,2026-10-02 21:00:19+00:00
node/4983764935,Max Bar,,,,41.4401476,2.2214687,1,,,,,-38.10978818,305.3020923,100.0,20.9,2026-10-02 21:00:19+00:00
node/4983764944,Bar Verín,,,,41.4396911,2.2210187,1,,,,,-38.10978818,305.3020923,100.0,20.9,2026-10-02 21:00:19+00:00
node/4983764949,Bar R'Aurora,,,,41.4400582,2.2213943,1,,,,,-38.10978818,305.3020923,100.0,20.9,2026-10-02 21:00:19+00:00
node/4983764952,Trocadero,,,,41.4385047,2.2204982,1,,,,,-38.10978818,305.3020923,100.0,20.9,2026-10-02 21:00:19+00:00
node/4983764957,Bar La Alpujarra,,,,41.4420698,2.2228867,1,,,,,-38.10978818,305.3020923,100.0,20.9,2026-10-02 21:00:19+00:00
node/4983764958,Sant Mori,,,,41.4390777,2.2210618,1,,,,,-38.10978818,305.3020923,100.0,20.9,2026-10-02 21:00:19+00:00
node/4983764960,El buen gusto,,,,41.4411919,2.2225719,1,,,,,-38.10978818,305.3020923,100.0,20.9,2026-10-02 21:00:19+00:00
node/4983764965,Bar Junior Bodega,,,,41.4417139,2.2225318,1,,,,,-38.10978818,305.3020923,100.0,20.9,2026-10-02 21:00:19+00:00
node/4983764975,Bar Satisfecho,,,,41.4385461,2.2198488,1,,,,,-38.10978818,305.3020923,100.0,20.9,2026-10-02 21:00:19+00:00
node/4983765002,Bar sushi Salon,,,,41.4425727,2.2233672,1,,,,,-38.10978818,305.3020923,100.0,20.9,2026-10-02 21:00:19+00:00
node/4983765004,Corre que se acaban,,,,41.4392453,2.2212328,1,,,,,-38.10978818,305.3020923,100.0,20.9,2026-10-02 21:00:19+00:00
node/4983765005,365,,,,41.4403303,2.2225575,1,,,,,-38.10978818,305.3020923,100.0,20.9,2026-10-02 21:00:19+00:00
node/4984256695,Pampa Mía,,,,41.4085709,2.2035603,0,68723.0,57.562025170631,-45.1502746944365,25.0,-38.10978818,305.3020923,100.0,20.9,2026-10-02 21:00:19+00:00
node/4991221422,Salterio,,,,41.3825107,2.1760837,0,22016.0,6.609644177903283,-5.184446679563284,19.0,-38.10978818,305.3020923,100.0,20.9,2026-10-02 21:00:19+00:00
node/5007434606,La Balmesina,,,,41.3970301,2.1522555,0,44230.0,3.222914198986716,-2.527976751504117,39.0,-38.10978818,305.3020923,100.0,20.9,2026-10-02 21:00:19+00:00
node/5010794721,Syra Coffee,,,,41.4014925,2.1595216,0,44031.0,27.255709582971413,-21.378726183018596,26.0,-38.10978818,305.3020923,100.0,20.9,2026-10-02 21:00:19+00:00
node/5010794821,Nomad Frutas Selectas,,,,41.3979292,2.1955517,0,30156.0,42.77050209961512,-33.54815805893277,9.0,-38.10978818,305.3020923,100.0,20.9,2026-10-02 21:00:19+00:00
node/5023905423,Petra,,,,41.4038883,2.1551166,0,73792.0,2.0600087621298404,-1.6158215630426331,24.0,-38.10978818,305.3020923,100.0,20.9,2026-10-02 21:00:19+00:00
node/5028969022,Guzzo,,,,41.3850929,2.1836594,0,59749.0,12.397139463980041,-9.724019447973188,26.0,-38.10978818,305.3020923,100.0,20.9,2026-10-02 21:00:19+00:00
node/5030247521,La Pantera Rosa,,,,41.4010493,2.1525903,0,60880.0,0.4901178873456118,-0.38443673899093067,25.0,-38.10978818,305.3020923,100.0,20.9,2026-10-02 21:00:19+00:00
node/5037900607,Orio,,,,41.3819545,2.1763606,0,37567.0,13.516818671437342,-10.602269016790295,24.0,-38.10978818,305.3020923,100.0,20.9,2026-10-02 21:00:19+00:00
node/5048602525,Blau Cel,,,,41.4043091,2.1612896,0,41402.0,0.21600922182523727,-0.16943246303496964,18.0,-38.10978818,305.3020923,100.0,20.9,2026-10-02 21:00:19+00:00
node/5053669724,La Xula Taperia,,,,41.4023295,2.1586126,0,28582.0,70.758901167079,-55.50158833536187,23.0,-38.10978818,305.3020923,100.0,20.9,2026-10-02 21:00:19+00:00
node/5081388242,La Raposa,,,,41.3725137,2.1639527,0,60015.0,11.712606663918068,-9.187088305114111,14.0,-38.10978818,305.3020923,100.0,20.9,2026-10-02 21:00:19+00:00
node/5082277825,Vermuteria Puigmartí,,,,41.4013967,2.1590604,0,31952.0,10.553426795372472,-8.277855363257894,23.0,-38.10978818,305.3020923,100.0,20.9,2026-10-02 21:00:19+00:00
node/5082277826,Caracas,,,,41.4020908,2.1601676,0,6750.0,9.22463690616541,-7.235584381112201,18.0,-38.10978818,305.3020923,100.0,20.9,2026-10-02 21:00:19+00:00
node/5082288821,Curuba,,,,41.3999554,2.1574731,0,71739.0,9.165179695199008,-7.188947568044203,23.0,-38.10978818,305.3020923,100.0,20.9,2026-10-02 21:00:19+00:00
node/5086827321,Metric Market,,,,41.3916196,2.1419287,0,42922.0,101.5197291300217,-79.6296454743901,38.0,-38.10978818,305.3020923,100.0,20.9,2026-10-02 21:00:19+00:00
node/5088945722,La Juanola,,,,41.4066765,2.1569377,0,26545.0,0.4235865425304139,-0.3322511446639073,22.0,-38.10978818,305.3020923,100.0,20.9,2026-10-02 21:00:19+00:00
node/5089333723,Ciuri‘s,,,,41.4052466,2.1565749,0,74661.0,21.749230883092636,-17.059576098190806,20.0,-38.10978818,305.3020923,100.0,20.9,2026-10-02 21:00:19+00:00
node/5105012628,Entre Hores,,,,41.4030943,2.1577829,0,50245.0,7.030798433163359,-5.514789996313459,20.0,-38.10978818,305.3020923,100.0,20.9,2026-10-02 21:00:19+00:00
node/5109943322,Intrèpid,,,,41.4043018,2.1550041,0,61665.0,12.30732910934219,-9.65357435556576,26.0,-38.10978818,305.3020923,100.0,20.9,2026-10-02 21:00:19+00:00
node/5110964523,La Trobada,,,,41.4015625,2.1520155,0,43314.0,17.84509363608361,-13.997264294102724,27.0,-38.10978818,305.3020923,100.0,20.9,2026-10-02 21:00:19+00:00
node/5111094221,El Dorado Chicken,,,,41.3930251,2.1579995,0,28160.0,4.57739713596425,-3.590400745312193,34.0,-38.10978818,305.3020923,100.0,20.9,2026-10-02 21:00:19+00:00
node/5113896626,Granja Fimon's,,,,41.4477805,2.2438919,1,,,,,-38.10978818,305.3020923,100.0,20.9,2026-10-02 21:00:19+00:00
node/5118124314,Kebab Bocateli,,,,41.4426035,2.2166674,1,,,,,-38.10978818,305.3020923,100.0,20.9,2026-10-02 21:00:19+00:00
node/5118126421,Bar Frankfurt Polideportivo,,,,41.4429429,2.2162226,1,,,,,-38.10978818,305.3020923,100.0,20.9,2026-10-02 21:00:19+00:00
node/5118126428,Granja Modesto,,,,41.4343689,2.2158958,1,,,,,-38.10978818,305.3020923,100.0,20.9,2026-10-02 21:00:19+00:00
node/5118126435,Cafeteria i Forn de pa Grey,,,,41.4332655,2.2174982,1,,,,,-38.10978818,305.3020923,100.0,20.9,2026-10-02 21:00:19+00:00
node/5118126438,Frankfurt Piscis,,,,41.4360107,2.2158678,1,,,,,-38.10978818,305.3020923,100.0,20.9,2026-10-02 21:00:19+00:00
node/5118126440,Bar Julio,,,,41.4348299,2.2151483,1,,,,,-38.10978818,305.3020923,100.0,20.9,2026-10-02 21:00:19+00:00
node/5118126443,Bar Beethoven,,,,41.4328863,2.2181523,1,,,,,-38.10978818,305.3020923,100.0,20.9,2026-10-02 21:00:19+00:00
node/5118126453,Bar Bondia,,,,41.4342763,2.2160261,1,,,,,-38.10978818,305.3020923,100.0,20.9,2026-10-02 21:00:19+00:00
node/5128075585,Monkey Factory,,,,41.3927261,2.1544614,0,30854.0,19.463648810114854,-15.266820229617267,33.0,-38.10978818,305.3020923,100.0,20.9,2026-10-02 21:00:19+00:00
node/5137360822,El Jardí,,,,41.4475237,2.2469586,1,,,,,-38.10978818,305.3020923,100.0,20.9,2026-10-02 21:00:19+00:00
node/5144745888,Bar La Imperial,,,,41.4372451,2.2200669,1,,,,,-38.10978818,305.3020923,100.0,20.9,2026-10-02 21:00:19+00:00
node/5144745889,Gabi,,,,41.4372105,2.2199582,1,,,,,-38.10978818,305.3020923,100.0,20.9,2026-10-02 21:00:19+00:00
node/5144745893,Bar India,,,,41.4420657,2.2284253,1,,,,,-38.10978818,305.3020923,100.0,20.9,2026-10-02 21:00:19+00:00
node/5144745896,Mokka,,,,41.4371063,2.2201689,1,,,,,-38.10978818,305.3020923,100.0,20.9,2026-10-02 21:00:19+00:00
node/5156690125,Loc,,,,41.4351636,2.2283155,1,,,,,-38.10978818,305.3020923,100.0,20.9,2026-10-02 21:00:19+00:00
node/5160440326,Les Termes Bdn,,,,41.4520115,2.2476488,1,,,,,-38.10978818,305.3020923,100.0,20.9,2026-10-02 21:00:19+00:00
node/5167185733,La Sucursal,,,,41.3806502,2.1611889,0,73134.0,2.6144629147475795,-2.050722128510134,27.0,-38.10978818,305.3020923,100.0,20.9,2026-10-02 21:00:19+00:00
node/5167569072,El Mercader de L'Eixample,,,,41.3923316,2.1603286,0,55233.0,8.117651691504477,-6.3672916763912815,26.0,-38.10978818,305.3020923,100.0,20.9,2026-10-02 21:00:19+00:00
node/5168232324,Colmado,,,,41.3819235,2.1744264,0,52845.0,10.304627596651171,-8.082703227232043,59.0,-38.10978818,305.3020923,100.0,20.9,2026-10-02 21:00:19+00:00
node/5175039621,Green's,,,,41.3959672,2.1496553,0,63783.0,25.601022669418704,-20.080829375900837,31.0,-38.10978818,305.3020923,100.0,20.9,2026-10-02 21:00:19+00:00
node/5176233727,Els Porxos,,,,41.4031581,2.1751611,0,36784.0,27.368287634809487,-21.467029712124567,125.0,-38.10978818,305.3020923,100.0,20.9,2026-10-02 21:00:19+00:00
node/5182260830,Catafal,,,,41.4088089,2.1468574,0,71188.0,12.711485216846846,-9.97058473209747,29.0,-38.10978818,305.3020923,100.0,20.9,2026-10-02 21:00:19+00:00
node/5190930121,Casa Ángel,,,,41.4070235,2.1818566,0,23450.0,2.2514749472993185,-1.7660030556060404,25.0,-38.10978818,305.3020923,100.0,20.9,2026-10-02 21:00:19+00:00
node/5192085421,Esterri,,,,41.3812805,2.1618108,0,57799.0,0.9378679562597054,-0.7356411753532344,32.0,-38.10978818,305.3020923,100.0,20.9,2026-10-02 21:00:19+00:00
node/5198200824,Copa d'Or,,,,41.3963876,2.1688461,0,49202.0,0.4629679352246036,-0.36314096642958316,26.0,-38.10978818,305.3020923,100.0,20.9,2026-10-02 21:00:19+00:00
node/5198200829,Gyoza Bistró,,,,41.3940771,2.1723519,0,66152.0,128.78908100593458,-101.01907234543944,24.0,-38.10978818,305.3020923,100.0,20.9,2026-10-02 21:00:19+00:00
node/5198201036,Nou Can Codina,,,,41.3989586,2.1608728,0,16288.0,28.54475710322454,-22.389824202261078,25.0,-38.10978818,305.3020923,100.0,20.9,2026-10-02 21:00:19+00:00
node/5198201122,La Particcela,,,,41.3961328,2.1697679,0,43757.0,18.030008973259587,-14.14230745830622,25.0,-38.10978818,305.3020923,100.0,20.9,2026-10-02 21:00:19+00:00
node/5198201124,Riko's Braseria - Restaurante,,,,41.3929731,2.1692667,0,58383.0,8.71472533623148,-6.835621951295975,31.0,-38.10978818,305.3020923,100.0,20.9,2026-10-02 21:00:19+00:00
node/5199743028,seven7seven,,,,41.3898868,2.1622344,0,44075.0,37.90712751147054,-29.73344344550906,35.0,-38.10978818,305.3020923,100.0,20.9,2026-10-02 21:00:19+00:00
node/5207046925,Sense Nom,,,,41.3843558,2.1622563,0,15917.0,0.5305419271265951,-0.4161443881738758,29.0,-38.10978818,305.3020923,100.0,20.9,2026-10-02 21:00:19+00:00
node/5207067522,El Maravillas,,,,41.3868914,2.1323626,0,20768.0,12.297876983049859,-9.646160333955503,42.0,-38.10978818,305.3020923,100.0,20.9,2026-10-02 21:00:19+00:00
node/5208223424,Bonastre,,,,41.3774986,2.1587463,0,60313.0,6.915758104148326,-5.424555115928861,34.0,-38.10978818,305.3020923,100.0,20.9,2026-10-02 21:00:19+00:00
node/5212252535,Tariq,,,,41.4477214,2.2405051,1,,,,,-38.10978818,305.3020923,100.0,20.9,2026-10-02 21:00:19+00:00
node/5218828496,Conecta,,,,41.4388265,2.2253266,1,,,,,-38.10978818,305.3020923,100.0,20.9,2026-10-02 21:00:19+00:00
node/5218828499,Sweet dolç,,,,41.4385456,2.2254351,1,,,,,-38.10978818,305.3020923,100.0,20.9,2026-10-02 21:00:19+00:00
node/5226505321,Bodega E. Marin,,,,41.4025586,2.1609645,0,27376.0,10.430715489485834,-8.181603552233678,21.0,-38.10978818,305.3020923,100.0,20.9,2026-10-02 21:00:19+00:00
node/5228942946,La Pubilla,,,,41.3995748,2.1536674,0,42582.0,6.451493657738008,-5.060397197159504,16.0,-38.10978818,305.3020923,100.0,20.9,2026-10-02 21:00:19+00:00
node/5237627856,Tasmango Dessert,,,,41.3909254,2.1784375,0,19178.0,37.00513608554939,-29.02594296178485,37.0,-38.10978818,305.3020923,100.0,20.9,2026-10-02 21:00:19+00:00
node/5238186123,Lennox,,,,41.3834186,2.1829502,0,34459.0,24.59368523809672,-19.29069800718414,24.0,-38.10978818,305.3020923,100.0,20.9,2026-10-02 21:00:19+00:00
node/5271863048,Rest. Alexandre,,,,41.4322501,2.1835476,0,3075.0,229.14595580920684,-179.73660272091294,13.0,-38.10978818,305.3020923,100.0,20.9,2026-10-02 21:00:19+00:00
node/5286467104,Granja Monsul,,,,41.4437723,2.2239591,1,,,,,-38.10978818,305.3020923,100.0,20.9,2026-10-02 21:00:19+00:00
node/5298404593,Próspero,,,,41.4382431,2.2237839,1,,,,,-38.10978818,305.3020923,100.0,20.9,2026-10-02 21:00:19+00:00
node/5298404603,Bar Salamanca,,,,41.4388532,2.2246477,1,,,,,-38.10978818,305.3020923,100.0,20.9,2026-10-02 21:00:19+00:00
node/5298405327,Bar Benuga,,,,41.4383471,2.2243229,1,,,,,-38.10978818,305.3020923,100.0,20.9,2026-10-02 21:00:19+00:00
node/5298405384,Bar Rocío Los Cazadores,,,,41.4389682,2.2252641,1,,,,,-38.10978818,305.3020923,100.0,20.9,2026-10-02 21:00:19+00:00
node/5299921764,Bar Crack,,,,41.4343466,2.2189911,1,,,,,-38.10978818,305.3020923,100.0,20.9,2026-10-02 21:00:19+00:00
node/5299921811,Can Daura,,,,41.4358077,2.2218721,1,,,,,-38.10978818,305.3020923,100.0,20.9,2026-10-02 21:00:19+00:00
node/5299922525,Bar La Imperial,,,,41.4354603,2.2205399,1,,,,,-38.10978818,305.3020923,100.0,20.9,2026-10-02 21:00:19+00:00
node/5299922526,Bar Marta,,,,41.4349148,2.2200469,1,,,,,-38.10978818,305.3020923,100.0,20.9,2026-10-02 21:00:19+00:00
node/5313632423,365,,,,41.3789307,2.1718613,0,4586.0,23.41384832472105,-18.365262173826306,28.0,-38.10978818,305.3020923,100.0,20.9,2026-10-02 21:00:19+00:00
node/5327570662,Ancestral,,,,41.3977332,2.1656576,0,72910.0,71.55296735387329,-56.12443484489743,34.0,-38.10978818,305.3020923,100.0,20.9,2026-10-02 21:00:19+00:00
node/5347967007,Bar Marín,,,,41.4474106,2.2217195,1,,,,,-38.10978818,305.3020923,100.0,20.9,2026-10-02 21:00:19+00:00
node/5347967009,Bar La Cantonada,,,,41.4474812,2.2209325,1,,,,,-38.10978818,305.3020923,100.0,20.9,2026-10-02 21:00:19+00:00
node/5363964402,El gran croissant,,,,41.4359355,2.2167366,1,,,,,-38.10978818,305.3020923,100.0,20.9,2026-10-02 21:00:19+00:00
node/5395531687,Las Marismas,,,,41.3701297,2.1215161,1,,,,,-38.10978818,305.3020923,100.0,20.9,2026-10-02 21:00:19+00:00
node/5407919537,El Yate,,,,41.4039787,2.1367463,0,35970.0,54.66610293036972,-42.87878260822274,30.0,-38.10978818,305.3020923,100.0,20.9,2026-10-02 21:00:19+00:00
node/5417517130,Tou Kichi Rou,,,,41.3919953,2.1432267,0,36781.0,98.43512630924477,-77.21015685722502,41.0,-38.10978818,305.3020923,100.0,20.9,2026-10-02 21:00:19+00:00
node/5418243448,La Pampa,,,,41.3793623,2.1879402,0,43388.0,189.96873228709103,-149.0069263666597,22.0,-38.10978818,305.3020923,100.0,20.9,2026-10-02 21:00:19+00:00
node/5418243450,els maians,,,,41.3786757,2.1882219,1,,,,,-38.10978818,305.3020923,100.0,20.9,2026-10-02 21:00:19+00:00
node/5418243451,no30,,,,41.3791653,2.1879988,1,,,,,-38.10978818,305.3020923,100.0,20.9,2026-10-02 21:00:19+00:00
node/5418243452,Lolita,,,,41.3783615,2.1882936,1,,,,,-38.10978818,305.3020923,100.0,20.9,2026-10-02 21:00:19+00:00
node/5418243454,Reina Margherita,,,,41.3792655,2.1879835,0,64788.0,1.791909226285118,-1.4055307045650518,29.0,-38.10978818,305.3020923,100.0,20.9,2026-10-02 21:00:19+00:00
node/5434314893,PolkaBarcelona,,,,41.3859057,2.1326565,0,75285.0,3.9582034623466202,-3.1047200492279075,29.0,-38.10978818,305.3020923,100.0,20.9,2026-10-02 21:00:19+00:00
node/5485540627,Bar Placídia,,,,41.3999472,2.1524915,0,61258.0,2.743146757048724,-2.1516586541346117,20.0,-38.10978818,305.3020923,100.0,20.9,2026-10-02 21:00:19+00:00
node/5487473548,Cafè Mos,,,,41.4143487,2.1384116,0,36333.0,213.78554859037365,-167.68826697711475,7.0,-38.10978818,305.3020923,100.0,20.9,2026-10-02 21:00:19+00:00
node/5498351755,365 Cafeteria Forn de Pa,,,,41.3747778,2.1626826,0,45168.0,71.26262873540934,-55.896700182345306,33.0,-38.10978818,305.3020923,100.0,20.9,2026-10-02 21:00:19+00:00
node/5509139428,La Carmanyola,,,,41.4013829,2.2068942,0,18809.0,7.728700013708703,-6.062207290578164,23.0,-38.10978818,305.3020923,100.0,20.9,2026-10-02 21:00:19+00:00
node/5536153362,Cafeteria La Dona,,,,41.4396715,2.2242727,1,,,,,-38.10978818,305.3020923,100.0,20.9,2026-10-02 21:00:19+00:00
node/5564055763,Panda & Smile,,,,41.3842068,2.1585673,0,60857.0,2.8407409200121494,-2.2282091794733287,24.0,-38.10978818,305.3020923,100.0,20.9,2026-10-02 21:00:19+00:00
node/5564064431,Atrapatapa,,,,41.3832362,2.1568636,0,75864.0,0.04121767215563647,-0.03233015542062126,31.0,-38.10978818,305.3020923,100.0,20.9,2026-10-02 21:00:19+00:00
node/5595134220,Cervecería Amoretty's 3,,,,41.4412382,2.2200117,1,,,,,-38.10978818,305.3020923,100.0,20.9,2026-10-02 21:00:19+00:00
node/5606506169,Sincopa,,,,41.3803881,2.1789886,0,4774.0,8.133812966928996,-6.379968193985415,24.0,-38.10978818,305.3020923,100.0,20.9,2026-10-02 21:00:19+00:00
node/5611733921,Buenas Migas,,,,41.4024253,2.1743326,0,28275.0,165.7717619313775,-130.027402017141,30.0,-38.10978818,305.3020923,100.0,20.9,2026-10-02 21:00:19+00:00
node/5617465886,Amateur,,,,41.3967536,2.1962847,0,5544.0,1.094953933706332,-0.85885565593023,22.0,-38.10978818,305.3020923,100.0,20.9,2026-10-02 21:00:19+00:00
node/5646412432,Made in Sicily,,,,41.4483394,2.2490191,1,,,,,-38.10978818,305.3020923,100.0,20.9,2026-10-02 21:00:19+00:00
node/5646415922,La Bella Istambul,,,,41.4479233,2.2494906,1,,,,,-38.10978818,305.3020923,100.0,20.9,2026-10-02 21:00:19+00:00
node/5658288082,Can Teixidó,,,,41.4491148,2.2483189,1,,,,,-38.10978818,305.3020923,100.0,20.9,2026-10-02 21:00:19+00:00
node/5663240986,Cafè Escac,,,,41.3837378,2.1695562,0,57258.0,19.622076498741073,-15.391087116327292,26.0,-38.10978818,305.3020923,100.0,20.9,2026-10-02 21:00:19+00:00
node/5676005621,CACHO,,,,41.3931048,2.1910878,0,14308.0,22.952721828196747,-18.003565587835126,29.0,-38.10978818,305.3020923,100.0,20.9,2026-10-02 21:00:19+00:00
node/5718757792,360°,,,,41.3790957,2.1696433,0,67000.0,22.400923866414182,-17.570748474878087,26.0,-38.10978818,305.3020923,100.0,20.9,2026-10-02 21:00:19+00:00
node/5793057257,Bar Granja el Chiquitín,,,,41.4398176,2.2263171,1,,,,,-38.10978818,305.3020923,100.0,20.9,2026-10-02 21:00:19+00:00
node/5796742218,The Clock,,,,41.3754168,2.1482785,0,58104.0,2.818521079538559,-2.2107804684772283,36.0,-38.10978818,305.3020923,100.0,20.9,2026-10-02 21:00:19+00:00
node/5805410453,Morrow Coffee,,,,41.3771392,2.1513283,0,50858.0,13.720141750804428,-10.761750773346463,26.0,-38.10978818,305.3020923,100.0,20.9,2026-10-02 21:00:19+00:00
node/5806521955,Paisano Bistró,,,,41.4048549,2.1759323,0,13417.0,7.0880130220716655,-5.559667750320233,28.0,-38.10978818,305.3020923,100.0,20.9,2026-10-02 21:00:19+00:00
node/5856758686,El racó de les tapes,,,,41.4357708,2.1910224,0,53517.0,3.0070498977518265,-2.3586579607112843,17.0,-38.10978818,305.3020923,100.0,20.9,2026-10-02 21:00:19+00:00
node/5878496985,UDON,,,,41.4051569,2.1921906,0,54831.0,14.608318736003046,-11.458415540441115,24.0,-38.10978818,305.3020923,100.0,20.9,2026-10-02 21:00:19+00:00
node/5916157285,Bar Castells,,,,41.3841472,2.1698121,0,54606.0,13.490477677834662,-10.581607771926862,24.0,-38.10978818,305.3020923,100.0,20.9,2026-10-02 21:00:19+00:00
node/5923867889,,,,,41.4406062,2.2451514,1,,,,,-38.10978818,305.3020923,100.0,20.9,2026-10-02 21:00:19+00:00
node/5930228787,Mi casa,,,,41.3993608,2.1535771,0,20910.0,2.722504769214085,-2.135467572979797,28.0,-38.10978818,305.3020923,100.0,20.9,2026-10-02 21:00:19+00:00
node/5933808740,Kserol,,,,41.3986236,2.1753141,0,22798.0,6.754619732668492,-5.298162034473473,34.0,-38.10978818,305.3020923,100.0,20.9,2026-10-02 21:00:19+00:00
node/5944781772,Restaurante Burning Rock&Food,,,,41.3746837,2.1311612,0,63732.0,4.0847704253684665,-3.2039961454169723,29.0,-38.10978818,305.3020923,100.0,20.9,2026-10-02 21:00:19+00:00
node/5951964888,el Fornet,,,,41.3882003,2.1723419,0,50806.0,26.862967881591835,-21.070668993427294,32.0,-38.10978818,305.3020923,100.0,20.9,2026-10-02 21:00:19+00:00
node/5972440521,Feroz,,,,41.3965882,2.1508404,0,7739.0,1.1674037581954726,-0.9156835640441611,33.0,-38.10978818,305.3020923,100.0,20.9,2026-10-02 21:00:19+00:00
node/5980982393,Pepa Tomate,,,,41.3767661,2.1627826,0,19703.0,30.31857172880288,-23.781161935158167,32.0,-38.10978818,305.3020923,100.0,20.9,2026-10-02 21:00:19+00:00
node/6000108088,La Neura,,,,41.4002093,2.1660134,0,43366.0,10.229909323049618,-8.024096001933698,35.0,-38.10978818,305.3020923,100.0,20.9,2026-10-02 21:00:19+00:00
node/6009236381,Mesón Balouta,,,,41.4384121,2.1649296,0,40459.0,7.46456426813115,-5.855025534305784,25.0,-38.10978818,305.3020923,100.0,20.9,2026-10-02 21:00:19+00:00
node/6010958538,Bar Avenida,,,,41.4371962,2.2238498,1,,,,,-38.10978818,305.3020923,100.0,20.9,2026-10-02 21:00:19+00:00
node/6010958540,Bar Trébol BCN,,,,41.4352675,2.2193633,1,,,,,-38.10978818,305.3020923,100.0,20.9,2026-10-02 21:00:19+00:00
node/6027971388,Novell,,,,41.4070495,2.1667319,0,43218.0,19.206766165827595,-15.065327632381118,18.0,-38.10978818,305.3020923,100.0,20.9,2026-10-02 21:00:19+00:00
node/6038827086,Honest Greens,,,,41.3986972,2.1569862,0,16765.0,9.14795669914778,-7.17543826220465,27.0,-38.10978818,305.3020923,100.0,20.9,2026-10-02 21:00:19+00:00
node/6066258257,Bar Roma Sports,,,,41.4449369,2.2223513,1,,,,,-38.10978818,305.3020923,100.0,20.9,2026-10-02 21:00:19+00:00
node/6089625321,Vivari,,,,41.3973187,2.1676233,0,4395.0,38.16519103384652,-29.93586229525158,28.0,-38.10978818,305.3020923,100.0,20.9,2026-10-02 21:00:19+00:00
node/6093865396,The FRESH POKE,,,,41.3975268,2.1644457,0,17259.0,57.0288345395578,-44.73205272628834,40.0,-38.10978818,305.3020923,100.0,20.9,2026-10-02 21:00:19+00:00
node/6093944886,Nicasso,,,,41.4072456,2.1873211,0,8448.0,0.9875238898605743,-0.7745901010667066,35.0,-38.10978818,305.3020923,100.0,20.9,2026-10-02 21:00:19+00:00
node/6096656135,Yoi Yoi Gion,,,,41.3965593,2.1606187,0,39002.0,83.78260749987538,-65.71707183724267,37.0,-38.10978818,305.3020923,100.0,20.9,2026-10-02 21:00:19+00:00
node/6104559348,Belles Arts II,,,,41.3872827,2.1361782,0,38459.0,25.488982165099515,-19.99294748620152,32.0,-38.10978818,305.3020923,100.0,20.9,2026-10-02 21:00:19+00:00
node/6104561002,Toyodo,,,,41.3866914,2.1375355,0,8375.0,20.009479343355792,-15.694956634467266,30.0,-38.10978818,305.3020923,100.0,20.9,2026-10-02 21:00:19+00:00
node/6106764321,Il Caffe di Francesco,,,,41.3930707,2.1642758,1,,,,,-38.10978818,305.3020923,100.0,20.9,2026-10-02 21:00:19+00:00
node/6109526596,El Cuiner de Damasc,,,,41.3814196,2.1776754,0,29424.0,38.33813174692735,-30.071512850948764,22.0,-38.10978818,305.3020923,100.0,20.9,2026-10-02 21:00:19+00:00
node/6110978486,Bonaparte,,,,41.4775805,2.0724847,1,,,,,-38.10978818,305.3020923,100.0,20.9,2026-10-02 21:00:19+00:00
node/6123253862,Bar Granja Oasis,,,,41.3505068,2.1127043,1,,,,,-38.10978818,305.3020923,100.0,20.9,2026-10-02 21:00:19+00:00
node/6126749461,Cantero,,,,41.3942111,2.1902433,0,13747.0,0.2948523526675253,-0.23127512761715602,30.0,-38.10978818,305.3020923,100.0,20.9,2026-10-02 21:00:19+00:00
node/6164234382,Poké Sí,,,,41.4052321,2.1924708,0,54831.0,25.20071801432419,-19.76683998644828,24.0,-38.10978818,305.3020923,100.0,20.9,2026-10-02 21:00:19+00:00
node/6164236104,Palo Verde,,,,41.4047343,2.1968042,0,15989.0,217.27526679531633,-170.4255184044625,46.0,-38.10978818,305.3020923,100.0,20.9,2026-10-02 21:00:19+00:00
node/6166398253,Panet,,,,41.3861845,2.1430687,0,4743.0,61.49700741415893,-48.236780575464174,36.0,-38.10978818,305.3020923,100.0,20.9,2026-10-02 21:00:19+00:00
node/6182404055,Kasa,,,,41.3861348,2.1656868,0,27871.0,34.36424708105159,-26.95449284103008,37.0,-38.10978818,305.3020923,100.0,20.9,2026-10-02 21:00:19+00:00
node/6188914880,Bella Venezia,,,,41.3965502,2.1644865,0,16229.0,105.89945612313007,-83.06499849123243,35.0,-38.10978818,305.3020923,100.0,20.9,2026-10-02 21:00:19+00:00
node/6188922858,Arc iris,,,,41.3998386,2.1715382,0,39964.0,16.00640997639685,-12.555044843606643,35.0,-38.10978818,305.3020923,100.0,20.9,2026-10-02 21:00:19+00:00
node/6193461695,Sun Market,,,,41.3928465,2.1569854,0,6800.0,24.778465213208758,-19.435634996624813,27.0,-38.10978818,305.3020923,100.0,20.9,2026-10-02 21:00:19+00:00
node/6193479448,Akashi Sushi Bar,,,,41.3923045,2.1558108,0,33910.0,0.32074840701361557,-0.2515873727781303,34.0,-38.10978818,305.3020923,100.0,20.9,2026-10-02 21:00:19+00:00
node/6200571548,La Svolta,,,,41.4061025,2.1515184,0,7523.0,30.8015156993508,-24.159971625533444,25.0,-38.10978818,305.3020923,100.0,20.9,2026-10-02 21:00:19+00:00
node/6202321417,La Tapeta del Coll,,,,41.4179646,2.1467035,0,65269.0,253.4004357220798,-198.76123619047405,19.0,-38.10978818,305.3020923,100.0,20.9,2026-10-02 21:00:19+00:00
node/6204104907,La Papa,,,,41.3898088,2.1577366,0,50407.0,178.93307301857996,-140.35081939456347,25.0,-38.10978818,305.3020923,100.0,20.9,2026-10-02 21:00:19+00:00
node/6216083704,La Coma,,,,41.3401472,2.1265697,0,42870.0,65.92641651334714,-51.71110304708599,25.0,-38.10978818,305.3020923,100.0,20.9,2026-10-02 21:00:19+00:00
node/6216218158,la Zona,,,,41.3460291,2.1439158,0,35758.0,11.218221961916424,-8.799304778840783,30.0,-38.10978818,305.3020923,100.0,20.9,2026-10-02 21:00:19+00:00
node/6216756977,Estrella de Istanbul,,,,41.4098375,2.1751296,0,2574.0,0.7036949624159143,-0.551961484329086,34.0,-38.10978818,305.3020923,100.0,20.9,2026-10-02 21:00:19+00:00
node/6230395442,Akelarre,,,,41.3892275,2.1373726,0,41085.0,22.625527602373612,-17.746922269074943,23.0,-38.10978818,305.3020923,100.0,20.9,2026-10-02 21:00:19+00:00
node/6230407068,Starbucks,,,,41.3951351,2.1581903,0,13098.0,6.557177405219326,-5.143292998955468,26.0,-38.10978818,305.3020923,100.0,20.9,2026-10-02 21:00:19+00:00
node/6232752417,El Taller,,,,41.3587511,2.1404908,0,3146.0,11.56661499150615,-9.072575931844426,35.0,-38.10978818,305.3020923,100.0,20.9,2026-10-02 21:00:19+00:00
node/6237797177,Luri,,,,41.3977931,2.1514901,0,54836.0,2.543981416335192,-1.995438128255424,32.0,-38.10978818,305.3020923,100.0,20.9,2026-10-02 21:00:19+00:00
node/6246525924,in blue,,,,41.3877036,2.1368756,0,30249.0,0.2864092504573512,-0.22465256034415707,28.0,-38.10978818,305.3020923,100.0,20.9,2026-10-02 21:00:19+00:00
node/6250219942,Al sur,,,,41.3941572,2.1586822,0,46060.0,22.485088580123378,-17.63676526167953,37.0,-38.10978818,305.3020923,100.0,20.9,2026-10-02 21:00:19+00:00
node/6258570565,Dino Pan,,,,41.3824376,2.1318622,0,21517.0,0.21719500340780604,-0.1703625617245463,33.0,-38.10978818,305.3020923,100.0,20.9,2026-10-02 21:00:19+00:00
node/6258570699,Don Sándwich,,,,41.3820321,2.1315862,0,67967.0,16.096792450509454,-12.62593869283537,29.0,-38.10978818,305.3020923,100.0,20.9,2026-10-02 21:00:19+00:00
node/6258715958,La Lluna de Gavà,,,,41.3672801,2.1403759,0,75678.0,155.5613648195807,-122.0186109266545,10.0,-38.10978818,305.3020923,100.0,20.9,2026-10-02 21:00:19+00:00
node/6258718433,La Toscana,,,,41.3805625,2.1323335,0,49906.0,47.192275701093365,-37.016491428920105,26.0,-38.10978818,305.3020923,100.0,20.9,2026-10-02 21:00:19+00:00
node/6258718652,Cafeteria Melody Bar,,,,41.3779464,2.1338934,0,40210.0,37.80938392436226,-29.656775715447846,32.0,-38.10978818,305.3020923,100.0,20.9,2026-10-02 21:00:19+00:00
node/6258719247,Bar Florida,,,,41.3592896,2.1399844,0,62384.0,100.33116357777044,-78.69736310563374,34.0,-38.10978818,305.3020923,100.0,20.9,2026-10-02 21:00:19+00:00
node/6260784864,La Cabaña,,,,41.3699161,2.1341331,0,35416.0,23.951478415581416,-18.786966347965148,24.0,-38.10978818,305.3020923,100.0,20.9,2026-10-02 21:00:19+00:00
node/6260786193,Goiko Grill,,,,41.3656448,2.1357604,0,22845.0,160.41165038018158,-125.8230588201821,37.0,-38.10978818,305.3020923,100.0,20.9,2026-10-02 21:00:19+00:00
node/6264834185,König,,,,41.3862163,2.1827612,0,11919.0,8.24787128200685,-6.469432806143939,24.0,-38.10978818,305.3020923,100.0,20.9,2026-10-02 21:00:19+00:00
node/6298115913,N.A.P.,,,,41.3774834,2.1900137,0,26154.0,9.08996240339869,-7.1299489248156345,23.0,-38.10978818,305.3020923,100.0,20.9,2026-10-02 21:00:19+00:00
node/6316025985,L'Esclop,,,,41.3768262,2.1577412,0,24849.0,39.007996740400976,-30.596938917419966,32.0,-38.10978818,305.3020923,100.0,20.9,2026-10-02 21:00:19+00:00
node/6330973943,Don Kilo,,,,41.3998564,2.1639573,0,5403.0,22.615281456539208,-17.73888543754215,26.0,-38.10978818,305.3020923,100.0,20.9,2026-10-02 21:00:19+00:00
node/6333708759,SandwiChez,,,,41.3941488,2.1694356,0,28515.0,18.488299312259166,-14.501779430223475,31.0,-38.10978818,305.3020923,100.0,20.9,2026-10-02 21:00:19+00:00
node/6334053687,Cafè Yafa,,,,41.3997495,2.1643963,0,10863.0,2.3998594769325496,-1.8823923288028315,26.0,-38.10978818,305.3020923,100.0,20.9,2026-10-02 21:00:19+00:00
node/6334053692,La Mananta,,,,41.3994169,2.1648424,0,26390.0,3.998652400717799,-3.1364472282690095,31.0,-38.10978818,305.3020923,100.0,20.9,2026-10-02 21:00:19+00:00
node/6339732807,La Soca 2,,,,41.3912352,2.1594135,0,13789.0,28.122136645387688,-22.058330831305845,33.0,-38.10978818,305.3020923,100.0,20.9,2026-10-02 21:00:19+00:00
node/6339732809,Creps Barcelona,,,,41.3905618,2.1590619,0,21639.0,4.42812947710749,-3.4733187666917336,34.0,-38.10978818,305.3020923,100.0,20.9,2026-10-02 21:00:19+00:00
node/6357834156,Les gens que j'aime bar,,,,41.3936947,2.1648505,0,43703.0,22.558868371791494,-17.69463636421352,26.0,-38.10978818,305.3020923,100.0,20.9,2026-10-02 21:00:19+00:00
node/6381462875,Comarca Cuina L’Hocal,,,,41.3609203,2.1295937,1,,,,,-38.10978818,305.3020923,100.0,20.9,2026-10-02 21:00:19+00:00
node/6424929026,Cafeteria Samy's,,,,41.3637433,2.1369241,1,,,,,-38.10978818,305.3020923,100.0,20.9,2026-10-02 21:00:19+00:00
node/6424929700,Sakuraya,,,,41.3653001,2.1307952,1,,,,,-38.10978818,305.3020923,100.0,20.9,2026-10-02 21:00:19+00:00
node/6431480513,Restaurant Bodega de Tapas,,,,41.3772493,2.1371156,0,70943.0,2.2697921531427565,-1.7803706334147469,36.0,-38.10978818,305.3020923,100.0,20.9,2026-10-02 21:00:19+00:00
node/6431508292,Bodega Salvat,,,,41.3711848,2.1345217,0,25267.0,9.153370630359062,-7.17968482025471,20.0,-38.10978818,305.3020923,100.0,20.9,2026-10-02 21:00:19+00:00
node/6431508293,Jaqueline's,,,,41.3682256,2.1345214,0,40058.0,13.831013154269545,-10.848715648320352,30.0,-38.10978818,305.3020923,100.0,20.9,2026-10-02 21:00:19+00:00
node/6431508485,Japonia Café,,,,41.3806518,2.1387176,0,26395.0,8.042365206152526,-6.308238759397082,28.0,-38.10978818,305.3020923,100.0,20.9,2026-10-02 21:00:19+00:00
node/6431508488,La Bodegueta de Sants,,,,41.3710695,2.1344235,0,26201.0,19.390313870804423,-15.209298058624311,18.0,-38.10978818,305.3020923,100.0,20.9,2026-10-02 21:00:19+00:00
node/6431512182,Bar Montevideo,,,,41.3693939,2.1342386,0,33826.0,19.636341890734506,-15.402276548339422,22.0,-38.10978818,305.3020923,100.0,20.9,2026-10-02 21:00:19+00:00
node/6431558869,Bar Alegría,,,,41.3629394,2.1373301,0,55124.0,3.9757171735219936,-3.118457385052057,37.0,-38.10978818,305.3020923,100.0,20.9,2026-10-02 21:00:19+00:00
node/6431559030,Bar El Faro,,,,41.3628529,2.1373795,0,21296.0,2.318136317349073,-1.818290638614665,37.0,-38.10978818,305.3020923,100.0,20.9,2026-10-02 21:00:19+00:00
node/6433259684,Entre Copas,,,,41.3621672,2.0761548,1,,,,,-38.10978818,305.3020923,100.0,20.9,2026-10-02 21:00:19+00:00
node/6438381289,Vera Café,,,,41.3883674,2.1779512,0,65465.0,21.58071001132106,-16.927392360219844,17.0,-38.10978818,305.3020923,100.0,20.9,2026-10-02 21:00:19+00:00
node/6441451785,Líder de Istanbul,,,,41.3752687,2.1338088,0,31692.0,50.07313958407173,-39.27617210012969,32.0,-38.10978818,305.3020923,100.0,20.9,2026-10-02 21:00:19+00:00
node/6445233216,Gyoza Bar,,,,41.3931059,2.1798949,0,5517.0,124.65860035395296,-97.77922219242267,34.0,-38.10978818,305.3020923,100.0,20.9,2026-10-02 21:00:19+00:00
node/6450380989,Bar But,,,,41.3979648,2.1593688,0,24059.0,13.224857504477137,-10.37326166603629,22.0,-38.10978818,305.3020923,100.0,20.9,2026-10-02 21:00:19+00:00
node/6450381086,La Porxada,,,,41.4030026,2.1637245,0,9810.0,24.4871822146448,-19.20715958492766,38.0,-38.10978818,305.3020923,100.0,20.9,2026-10-02 21:00:19+00:00
node/6462934229,Concordia,,,,41.3864201,2.1321758,0,61647.0,7.9569811845255565,-6.241265576651241,11.0,-38.10978818,305.3020923,100.0,20.9,2026-10-02 21:00:19+00:00
node/6475037976,L'Oasi a Consell,,,,41.3830142,2.1547507,0,61365.0,15.415928895348863,-12.091885617847035,31.0,-38.10978818,305.3020923,100.0,20.9,2026-10-02 21:00:19+00:00
node/6477273844,Fandango,,,,41.3982346,2.1423415,0,14821.0,48.42705449373275,-37.985022357240844,27.0,-38.10978818,305.3020923,100.0,20.9,2026-10-02 21:00:19+00:00
node/6506313588,Antigua,,,,41.3980086,2.1492952,0,41266.0,7.399910939134838,-5.804313010633447,21.0,-38.10978818,305.3020923,100.0,20.9,2026-10-02 21:00:19+00:00
node/6507308246,L'Antica Pizzeria Da Michele,,,,41.3928154,2.1682858,0,56560.0,63.23662231261354,-49.60129286103668,19.0,-38.10978818,305.3020923,100.0,20.9,2026-10-02 21:00:19+00:00
node/6532206187,Yü Sushi,,,,41.4032734,2.2032208,0,76872.0,170.5165162119643,-133.7490737007043,24.0,-38.10978818,305.3020923,100.0,20.9,2026-10-02 21:00:19+00:00
node/6532330793,La Xemeneia,,,,41.4016359,2.2048002,0,66796.0,116.84810968803056,-91.65286027205273,24.0,-38.10978818,305.3020923,100.0,20.9,2026-10-02 21:00:19+00:00
node/6535101686,Alma Loca,,,,41.3992845,2.1970974,0,66179.0,4.1360738715890655,-3.2442373405932172,17.0,-38.10978818,305.3020923,100.0,20.9,2026-10-02 21:00:19+00:00
node/6538194375,Mr. White,,,,41.3761815,2.1601126,0,67068.0,21.374183169099474,-16.765397648768364,36.0,-38.10978818,305.3020923,100.0,20.9,2026-10-02 21:00:19+00:00
node/6568369188,Elpilar,,,,41.4000903,2.1489875,0,41120.0,20.54473557625081,-16.114798811240604,32.0,-38.10978818,305.3020923,100.0,20.9,2026-10-02 21:00:19+00:00
node/6597321587,Welcome,,,,41.4065151,2.1509474,0,35509.0,5.075739332880051,-3.9812884358665093,32.0,-38.10978818,305.3020923,100.0,20.9,2026-10-02 21:00:19+00:00
node/6600189447,café bar juli-mac,,,,41.3782625,2.1239845,0,15162.0,40.900249573831196,-32.08117674552701,17.0,-38.10978818,305.3020923,100.0,20.9,2026-10-02 21:00:19+00:00
node/6642989000,El Pa Sencer,,,,41.3835483,2.1341796,0,48806.0,11.061087046513011,-8.6760519125019,22.0,-38.10978818,305.3020923,100.0,20.9,2026-10-02 21:00:19+00:00
node/6642989001,Ateneu Popular de les Corts,,,,41.3826968,2.1329407,0,71335.0,15.448061853581612,-12.117089941125323,32.0,-38.10978818,305.3020923,100.0,20.9,2026-10-02 21:00:19+00:00
node/6680396487,La prorroga,,,,41.4032976,2.1567512,0,31114.0,22.336587177657968,-17.520284316230736,26.0,-38.10978818,305.3020923,100.0,20.9,2026-10-02 21:00:19+00:00
node/6680687871,La Mar Salada,,,,41.3768035,2.1888904,1,,,,,-38.10978818,305.3020923,100.0,20.9,2026-10-02 21:00:19+00:00
node/6681709948,Kiltro Gràcia,,,,41.4018317,2.1544539,0,39330.0,5.603429654394782,-4.395196092856689,23.0,-38.10978818,305.3020923,100.0,20.9,2026-10-02 21:00:19+00:00
node/6710510485,Catedral 1951,,,,41.3849142,2.1757337,0,39121.0,23.711134676836316,-18.598446472348165,26.0,-38.10978818,305.3020923,100.0,20.9,2026-10-02 21:00:19+00:00
node/6750944404,Brasaña,,,,41.3605721,2.1345777,1,,,,,-38.10978818,305.3020923,100.0,20.9,2026-10-02 21:00:19+00:00
node/6757307686,Kitsu,,,,41.4017918,2.1543486,0,27079.0,5.03445786293668,-3.9489082389883023,21.0,-38.10978818,305.3020923,100.0,20.9,2026-10-02 21:00:19+00:00
node/6757314489,LomoAlto,,,,41.3936053,2.1663935,0,22008.0,7.768706744437029,-6.093587612529239,28.0,-38.10978818,305.3020923,100.0,20.9,2026-10-02 21:00:19+00:00
node/6766273102,inti & chaska,,,,41.3886755,2.1599487,0,55720.0,1.0483278203304973,-0.822283248677141,29.0,-38.10978818,305.3020923,100.0,20.9,2026-10-02 21:00:19+00:00
node/6771863086,Montseny,,,,41.4070642,2.1804416,0,67501.0,25.68013373796789,-20.142882204406746,29.0,-38.10978818,305.3020923,100.0,20.9,2026-10-02 21:00:19+00:00
node/6775495571,El Petit,,,,41.3298893,2.0988681,1,,,,,-38.10978818,305.3020923,100.0,20.9,2026-10-02 21:00:19+00:00
node/6782427526,Híbrid Cafè Restaurant,,,,41.3771219,2.1203336,0,52334.0,35.66795932306569,-27.977093516995684,40.0,-38.10978818,305.3020923,100.0,20.9,2026-10-02 21:00:19+00:00
node/6786006588,365,,,,41.3820297,2.1697221,0,61052.0,1.7891239080109649,-1.4033459675823508,26.0,-38.10978818,305.3020923,100.0,20.9,2026-10-02 21:00:19+00:00
node/6790695789,El Rincón de la Abuela Venezolana,,,,41.4058359,2.1788147,0,9625.0,25.81923770504312,-20.251992026479805,33.0,-38.10978818,305.3020923,100.0,20.9,2026-10-02 21:00:19+00:00
node/6805613085,Bar la Cabaña,,,,41.4071784,2.1778546,0,26852.0,6.657565800842123,-5.22203525350727,32.0,-38.10978818,305.3020923,100.0,20.9,2026-10-02 21:00:19+00:00
node/6812099686,La Xurreria de Maria,,,,41.4050102,2.1750002,0,10695.0,0.8627356067334305,-0.6767091588111809,28.0,-38.10978818,305.3020923,100.0,20.9,2026-10-02 21:00:19+00:00
node/6821384885,Blu Bar,,,,41.3983358,2.2045648,0,17994.0,22.038150855546093,-17.28619800877011,23.0,-38.10978818,305.3020923,100.0,20.9,2026-10-02 21:00:19+00:00
node/6835358009,Murivecci,,,,41.3874075,2.1828282,0,52860.0,14.375736293320845,-11.275983439675446,26.0,-38.10978818,305.3020923,100.0,20.9,2026-10-02 21:00:19+00:00
node/6852974547,Garrido,,,,41.3603039,2.1401381,0,58242.0,10.945262509759845,-8.585201918338917,28.0,-38.10978818,305.3020923,100.0,20.9,2026-10-02 21:00:19+00:00
node/6852994516,La Patatona,,,,41.3604651,2.1400108,0,51598.0,72.01535920575607,-56.48712394534327,39.0,-38.10978818,305.3020923,100.0,20.9,2026-10-02 21:00:19+00:00
node/6855027201,Bar Sandwicheria Enka 3,,,,41.3758876,2.1221107,0,52334.0,237.78008403945375,-186.50900623150963,40.0,-38.10978818,305.3020923,100.0,20.9,2026-10-02 21:00:19+00:00
node/6871523347,Cafe Punto 10,,,,41.3805947,2.1364501,0,70417.0,7.789252521619373,-6.109703228351366,24.0,-38.10978818,305.3020923,100.0,20.9,2026-10-02 21:00:19+00:00
node/6914132390,El Nou Ramonet,,,,41.3817315,2.1876268,0,54685.0,12.278007847324218,-9.630575459495399,32.0,-38.10978818,305.3020923,100.0,20.9,2026-10-02 21:00:19+00:00
node/6946328085,Cremat 11,,,,41.3855109,2.1810205,0,55013.0,8.505198169289425,-6.671273856951867,26.0,-38.10978818,305.3020923,100.0,20.9,2026-10-02 21:00:19+00:00
node/6973926711,Syra Coffee,,,,41.3965047,2.1941864,0,68079.0,29.69274187545845,-23.29027597854494,36.0,-38.10978818,305.3020923,100.0,20.9,2026-10-02 21:00:19+00:00
node/6983227455,SNOOKER - Cocteles y Billarea,,,,41.3921561,2.1703663,0,45566.0,5.778229648832018,-4.5323050243446295,31.0,-38.10978818,305.3020923,100.0,20.9,2026-10-02 21:00:19+00:00
node/7002869606,Chebú,,,,41.3791162,2.1515085,0,30660.0,8.908000620099797,-6.987222457574759,36.0,-38.10978818,305.3020923,100.0,20.9,2026-10-02 21:00:19+00:00
node/7003296923,Triple Sec,,,,41.3747448,2.1609868,0,22685.0,12.392741790412622,-9.72057001809304,34.0,-38.10978818,305.3020923,100.0,20.9,2026-10-02 21:00:19+00:00
node/7004598841,Orange Coffee,,,,41.4052864,2.1712189,0,62253.0,24.92113379692758,-19.54754081866767,32.0,-38.10978818,305.3020923,100.0,20.9,2026-10-02 21:00:19+00:00
node/7014308129,Bar Bodega Lentejil,,,,41.4429922,2.2175094,1,,,,,-38.10978818,305.3020923,100.0,20.9,2026-10-02 21:00:19+00:00
node/7017780931,Yoüme,,,,41.3835882,2.1541892,0,24285.0,5.131200360019242,-4.024790737996207,30.0,-38.10978818,305.3020923,100.0,20.9,2026-10-02 21:00:19+00:00
node/7098025886,El Club del Café,,,,41.4340729,2.1892624,0,35711.0,1.0776508418742299,-0.8452835248773936,32.0,-38.10978818,305.3020923,100.0,20.9,2026-10-02 21:00:19+00:00
node/7124857728,Cabo,,,,41.3964797,2.1851438,1,,,,,-38.10978818,305.3020923,100.0,20.9,2026-10-02 21:00:19+00:00
node/7132160620,Santagloria,,,,41.3863926,2.1243567,0,52740.0,0.256719057884477,-0.2013642839775371,44.0,-38.10978818,305.3020923,100.0,20.9,2026-10-02 21:00:19+00:00
node/7141587085,La Cereria,,,,41.3815426,2.1767152,0,16414.0,8.564388605174196,-6.717701418031569,25.0,-38.10978818,305.3020923,100.0,20.9,2026-10-02 21:00:19+00:00
node/7150994121,Vivari,,,,41.3998419,2.1775677,0,30670.0,22.345112156462132,-17.5269711055442,24.0,-38.10978818,305.3020923,100.0,20.9,2026-10-02 21:00:19+00:00
node/7234692489,Van van var,,,,41.3942304,2.1901096,0,9437.0,118.66017357255659,-93.07419980810438,28.0,-38.10978818,305.3020923,100.0,20.9,2026-10-02 21:00:19+00:00
node/7318977151,,,,,41.3711664,2.1434617,0,31696.0,118.96534967977468,-93.31357264167359,10.0,-38.10978818,305.3020923,100.0,20.9,2026-10-02 21:00:19+00:00
node/7318977155,Bar Joaquim,,,,41.3704145,2.1424922,0,65636.0,0.9707969239992108,-0.7614698694347183,38.0,-38.10978818,305.3020923,100.0,20.9,2026-10-02 21:00:19+00:00
node/7318977156,Vivari,,,,41.3686165,2.1410874,0,21675.0,116.79888904946415,-91.61425278134473,3.0,-38.10978818,305.3020923,100.0,20.9,2026-10-02 21:00:19+00:00
node/7431790448,Santagloria,,,,41.3896086,2.1200086,0,10422.0,257.69185791038177,-202.12732503215872,15.0,-38.10978818,305.3020923,100.0,20.9,2026-10-02 21:00:19+00:00
node/7438491414,,,,,41.3733479,2.1301506,0,6121.0,3.7711923354453782,-2.9580329977303648,17.0,-38.10978818,305.3020923,100.0,20.9,2026-10-02 21:00:19+00:00
node/7504941029,Iberic Fusión Platja,,,,41.4380577,2.2431806,1,,,,,-38.10978818,305.3020923,100.0,20.9,2026-10-02 21:00:19+00:00
node/7504941031,l'Altre Can Mario's,,,,41.4405591,2.2418866,1,,,,,-38.10978818,305.3020923,100.0,20.9,2026-10-02 21:00:19+00:00
node/7504941033,L'Esmolet,,,,41.4432993,2.2460741,1,,,,,-38.10978818,305.3020923,100.0,20.9,2026-10-02 21:00:19+00:00
node/7504941035,la Masia de la Xesca,,,,41.4452013,2.2417838,1,,,,,-38.10978818,305.3020923,100.0,20.9,2026-10-02 21:00:19+00:00
node/7556742593,Menjador del Centre,,,,41.4009756,2.2000272,0,5545.0,25.92683851515462,-20.336391526314586,42.0,-38.10978818,305.3020923,100.0,20.9,2026-10-02 21:00:19+00:00
node/7563962192,Passeig9,,,,41.4014488,2.2009478,0,66114.0,2.614576122034998,-2.0508109255965676,22.0,-38.10978818,305.3020923,100.0,20.9,2026-10-02 21:00:19+00:00
node/7600529740,Restaurante La Flama,,,,41.3514861,2.1114722,1,,,,,-38.10978818,305.3020923,100.0,20.9,2026-10-02 21:00:19+00:00
node/7618205068,El Pellizquito,,,,41.3501292,2.1105817,1,,,,,-38.10978818,305.3020923,100.0,20.9,2026-10-02 21:00:19+00:00
node/7640514041,Bar Plaça Carles Buïgas,,,,41.3711833,2.1510204,0,26100.0,70.30902076665424,-55.14871291795587,41.0,-38.10978818,305.3020923,100.0,20.9,2026-10-02 21:00:19+00:00
node/7644933199,Almirall,,,,41.4100171,2.1883052,0,37716.0,5.913912775839596,-4.638731621352511,21.0,-38.10978818,305.3020923,100.0,20.9,2026-10-02 21:00:19+00:00
node/7704818539,Bar Granja Rocxi,,,,41.3744206,2.1339573,0,37247.0,11.483338566996144,-9.007255897828047,21.0,-38.10978818,305.3020923,100.0,20.9,2026-10-02 21:00:19+00:00
node/7704818548,Cafès Caracas,,,,41.3748038,2.1328052,0,8085.0,12.507960213769257,-9.810944591416186,19.0,-38.10978818,305.3020923,100.0,20.9,2026-10-02 21:00:19+00:00
node/7706832792,Cru Sants,,,,41.3721342,2.1286919,0,14915.0,19.4134031002955,-15.227408697555358,27.0,-38.10978818,305.3020923,100.0,20.9,2026-10-02 21:00:19+00:00
node/7736420790,Mamma Italia,,,,41.3764642,2.1234304,0,63915.0,15.867789472998576,-12.446314238869226,27.0,-38.10978818,305.3020923,100.0,20.9,2026-10-02 21:00:19+00:00
node/7772770550,Eqvilibrivm Café,,,,41.3973065,2.1697662,0,45824.0,29.959621205774965,-23.499609737013984,26.0,-38.10978818,305.3020923,100.0,20.9,2026-10-02 21:00:19+00:00
node/7838098454,El Caserón,,,,41.3838275,2.1398498,0,11424.0,9.781660627760287,-7.6725004549781675,31.0,-38.10978818,305.3020923,100.0,20.9,2026-10-02 21:00:19+00:00
node/7925586104,Delicream,,,,41.4572921,2.2290688,1,,,,,-38.10978818,305.3020923,100.0,20.9,2026-10-02 21:00:19+00:00
node/7989010587,Castañeiras,,,,41.4100358,2.1760296,0,17896.0,3.208630531426882,-2.51677298457516,29.0,-38.10978818,305.3020923,100.0,20.9,2026-10-02 21:00:19+00:00
node/7999604058,Lilo brunch,,,,41.3873718,2.1627034,0,61433.0,0.7239449518834622,-0.5678450913479322,27.0,-38.10978818,305.3020923,100.0,20.9,2026-10-02 21:00:19+00:00
node/7999616840,Bellillo,,,,41.3879362,2.1620483,0,33219.0,44.86916174518657,-35.19429644976939,35.0,-38.10978818,305.3020923,100.0,20.9,2026-10-02 21:00:19+00:00
node/8034999886,Costa Dorada,,,,41.3980284,2.1986941,0,31497.0,4.253252913226626,-3.3361497759650365,13.0,-38.10978818,305.3020923,100.0,20.9,2026-10-02 21:00:19+00:00
node/8046554489,Sport,,,,41.4001224,2.2000188,0,32655.0,11.164755884677612,-8.757367267660271,18.0,-38.10978818,305.3020923,100.0,20.9,2026-10-02 21:00:19+00:00
node/8049731595,Echegaray,,,,41.4018684,2.2023424,0,20932.0,7.342704711748198,-5.75944181520412,14.0,-38.10978818,305.3020923,100.0,20.9,2026-10-02 21:00:19+00:00
node/8049732292,Doroteo,,,,41.4029636,2.2006718,0,75682.0,4.030247716431311,-3.1612298376246364,20.0,-38.10978818,305.3020923,100.0,20.9,2026-10-02 21:00:19+00:00
node/8064873985,Saramar,,,,41.3957712,2.1953013,0,29925.0,22.411698403142328,-17.579199763579954,18.0,-38.10978818,305.3020923,100.0,20.9,2026-10-02 21:00:19+00:00
node/8077128420,Tío Bigotes,,,,41.4013922,2.2028846,0,11674.0,22.019869432579846,-17.271858498193748,20.0,-38.10978818,305.3020923,100.0,20.9,2026-10-02 21:00:19+00:00
manual/488492e9,Bar Viejo Cafe,Bar,yes,"Carrer de la Independència, 306, Sant Martí, 08026 Barcelona",41.4116,2.1794,0,45056.0,12.264182208697349,-9.619730959497723,31.0,-38.10978818,305.3020923,100.0,20.9,2026-10-02 21:00:19+00:00
manual/c52f6190,New 88 Bar-Cafeteria,bar,yes,,41.4094505,2.1789589,0,9873.0,33.21057379931239,-26.04957913405486,38.0,-38.10978818,305.3020923,100.0,20.9,2026-10-02 21:00:19+00:00
manual/5d2ea7ea,Restaurant Papá Nico,bar,yes,,41.4094505,2.1789589,0,9873.0,33.21057379931239,-26.04957913405486,38.0,-38.10978818,305.3020923,100.0,20.9,2026-10-02 21:00:19+00:00
manual/c980e39e,Restaurant El Clot,restaurant,yes,,41.4087697,2.1875592,0,24150.0,94.95250482228741,-74.47847192559237,29.0,-38.10978818,305.3020923,100.0,20.9,2026-10-02 21:00:19+00:00
