features.properties.@id,Amenity_name,Latitude,Longitude,Terrace_Status
relation/18317100,null,"41,42","2,1188352",
way/61046283,Restaurant Els 4 Rellotges (Can Poy),"41,5702726","2,3886145",
way/151608602,Restaurant La Plaça,"41,5019141","2,1039412",
node/208984374,Central Rambla,"41,3782716","2,1761732",
way/217583616,Can Fisher,"41,3946034","2,2062292",
way/245214117,la Caseta del Migdia,"41,3596833","2,1607145",
way/246717741,Mirablau,"41,4160323","2,1319129",
way/249404809,PURO,"41,3911248","2,1461635",
way/268912897,Can Cortada,"41,4362503","2,1524833",
way/297248259,Embarcador del Ter,"41,9988217","2,2899014",
way/307514238,Can Martinet,"41,5169408","1,9021478",
way/315387188,Temple del Metall,"41,4741706","2,1662317",
way/319019058,AMARU,"4,1938554","2,2515621",
way/342925793,ReCarrega't Sant Cugat,"41,4987034","2,0723481",
way/392926648,Pacha,"41,3857491","2,1970415",
node/394737756,el Castell del Brull,"4,1817083","2,3031447",
way/407444636,Cals Frares,"41,5343806","2,4036639",
way/412702054,Camping,"41,3953192","2,2042386",
way/418383724,Bar Teula,"41,7504725","2,1223116",
node/420172674,La Nina,"41,2342908","1,8053026",
node/420172675,La Santa Maria,"41,2346069","1,8061586",
node/420172678,Sports Bar Sitges,"41,2347179","1,8064412",
way/421584736,Restaurant El Galliner,"41,4934764","2,0938185",
way/423212269,GAMAR - Espai sense alcohol,"4,1382436","2,1933127",
way/423690355,La Señorial,"41,3877789","0,2193278",
node/432592965,Mendizabal,"41,3803452","0,2170768",
way/435265740,Cafeteria Loro Charly,"41,5012351","0,2139806",
node/441947257,Giorgio,"41,5734075","0,1608906",
way/443599336,Asador Casa Juaco,"41,4476663","2,1426909",
way/445160643,Ferrer Select,"41,6924867","2,4937007",
way/446002194,La Base by Farré,"41,3967358","2,2101884",
node/476327681,Can Paixano,"41,3817618","2,1834151",
way/480748933,El Xeremell (restaurant),"41,6466776","2,5157804",
way/503949520,Piscolabis,"41,2903895","2,0738009",
way/503949521,Starbucks,"41,2906262","2,0739715",
node/506202703,Bar Almogávares,"41,3962323","2,1890864",
way/512297223,Blue Bar Beach,"41,6111069","2,6561387",
way/519771543,Restaurant Can Cases,"41,4343885","2,0985276",
node/534367691,Sant Bartomeu,"41,3755248","2,1346488",
way/546317426,Bar Elim,"41,5551515","2,0889148",
node/588003295,Sabes una Cosa,"41,4019328","0,2162054",
way/594057363,Restaurant Sant Marc,"42,1074126","1,8390701",
way/596010557,Bar Restaurante La Florida,"4,1522378","2,1927633",
way/596010558,Restaurente El Pozo,"41,5213703","2,1933231",
way/604327013,"Village Bar, Market & Heladería","41,6303849","2,7156778",
way/604691991,Restaurant Mas Roquer,"41,2320639","1,6929749",
node/631993408,El Barretet,"41,2624783","0,1633891",
node/633406870,La Crêpe Bretonne,"41,1967861","1,6508036",
node/642612449,Can Gallego,"4,1437619","2,2204294",
node/643022131,Euro Bar-Tapas,"41,4342324","2,2161197",
node/643022132,Extremeño,"4,1434321","0,2216215",
node/643429648,Joan Figuera,"41,4336545","2,2169391",
node/643496667,Can Manel,"4,1442276","2,2165561",
node/643496696,El rincón de Willy,"41,4380246","2,2180623",
node/643496704,Bar Somni d'estiu,"41,4382361","2,2166687",
way/655221168,L'Ovella Negra Marina,"41,3960196","2,1901331",
node/660004524,Bocatapa Can Manel,"41,4413833","2,2212875",
node/660100529,El Fornet,"4,1404858","2,1941868",
node/660778771,braseria xorus,"0,0414029","2,1986522",
node/672140180,Kasparo,"41,3844847","2,1690087",
node/674136459,Chiringuito,"41,2346343","1,8078122",
way/674203596,Cal Mau,"41,6285206","1,8627721",
way/692285766,Braseria El Teix,"41,6106897","1,9559847",
node/704031158,Café Zurich,"41,3858504","2,1694606",
node/704042058,Starbucks,"41,3888305","2,1719117",
node/704058886,Tapa Tapa,"41,3916926","2,1660167",
node/704060428,Oassis Natural Cooking,"41,3901637","2,1678915",
node/704062672,Il Caffè di Francesco,"4,1390701","2,1650135",
node/704066257,Ciutat Comtal,"41,3888272","2,1668833",
node/704066348,el Racó,"4,1388992","2,1660252",
node/704066614,Taller de Tapas,"41,3905645","2,1639038",
way/707305723,Bar Frankfurt Cafeteria Fabregada,"41,3561748","2,1108239",
way/710449646,Can Feliu,"41,5020104","2,0123413",
way/711102020,Enoteca La Central,"41,3392521","1,6870291",
way/722994889,Cocody,"41,2643278","1,9573158",
way/737029250,Sushi He,"41,5044229","2,0359569",
node/745947750,Bar Geminis,"41,3976224","2,1807778",
way/747906349,El Xiringuito,"41,6525529","2,4415563",
node/765796519,La Cafetera,"41,4049767","2,1575215",
way/791318111,null,"41,4581123","0,2264247",
node/814006271,Les 15 Nits Bar,"41,3804529","2,1749778",
node/819552792,Bracafe,"41,3944249","2,1675209",
node/824476551,Caleuche,"41,3761526","2,1686172",
node/830462039,Bar Restaurant Angela,"41,4043015","2,1949428",
way/841070759,La Marabanda,"41,2103584","1,7282815",
way/903587000,Braseria Can Llopart,"41,3978828","1,9658475",
way/907005766,Chevy's Bar,"41,4143731","2,2289499",
way/917105815,Restaurant Robert de Nola,"4,1638941","2,1615135",
way/921523118,Tarannà,"41,5660591","2,4295986",
way/969257968,null,"41,3793991","2,1073385",
way/983238189,La República,"41,5460266","2,1024015",
way/987513923,El Balconet,"41,4160756","0,2131139",
node/1008166706,Cafe Flanders,"4,1407343","2,1584049",
way/1008695151,El Desmai,"41,7655096","2,2602993",
node/1008837616,Súbit Restaurant,"41,5657471","2,0215837",
way/1060217293,Can Dani,"41,5791467","2,5542988",
way/1063378975,Bar Restaurant Oliver,"41,3469215","2,1546999",
node/1072798261,Taverna del Bisbe,"41,3849254","2,1766628",
node/1072800838,El Cafè D'en Victor,"41,3847931","2,1767008",
node/1083144027,Los Caracoles,"41,3796584","2,1765082",
node/1092685793,Elche,"41,3739754","2,1691488",
way/1110900037,Gurbi,"41,9464003","2,2391157",
way/1112240803,ForumStation,"41,4096655","2,2221501",
way/1112724181,Ananda,"41,2651268","1,9934375",
way/1112725476,Paravos,"41,2652173","1,9997778",
way/1138303730,Cal Cassoles,"41,3496303","1,6704432",
node/1177498341,Casa Vall,"41,4074238","2,1585521",
node/1192698924,Bilbao Berria,"41,3841976","2,1748665",
node/1192699873,Tapas 24,"41,3908686","2,1674705",
way/1192748732,Bar Sebas,"41,4489342","1,9692486",
way/1192748733,Dori Dori,"41,4489893","1,9693168",
way/1194531479,El secreto,"41,4489069","1,9687284",
way/1200964257,Chiringuito Joan Miro,"41,3789977","2,1478116",
way/1217511088,Petanca de Tiana,"41,4858644","2,2690944",
way/1242253029,Tirati Tiriti,"41,4820418","2,2688531",
node/1264182304,Tosca del Carme,"41,3819482","2,1695795",
node/1280416455,Carballeira,"41,4442679","2,2217701",
way/1300745688,La Casona de Sant Just,"41,3833348","2,0735139",
node/1305366218,Bar Teo,"4,1393729","0,2149521",
node/1310450869,El Filete Ruso,"41,3925451","2,1558968",
node/1312325106,La Palmera,"41,4144229","2,1385123",
node/1314943380,Mescladís del Pou,"41,3870865","2,1803497",
node/1335697982,null,"41,3608771","2,1101417",
way/1338355770,Papüa Café,"41,5997958","2,2747415",
way/1368167814,Natura Beach. El Chiringuito,"41,4028929","2,2157443",
node/1375786538,Cafè 85ºC,"41,3810563","2,0456731",
way/1396305322,Restaurant Collsacreu,"41,6264822","0,2528568",
node/1420760625,Tapeo,"41,4044988","2,1554811",
node/1420760630,Diamant,"41,4042174","2,1555899",
way/1421520048,null,"42,0261923","1,8877424",
node/1428867664,Café Berlin,"41,3943566","2,1494599",
node/1430537485,Oasis Restaurant,"41,3827219","2,1847191",
node/1445598557,Bracafe,"41,3948025","2,1817533",
node/1445598561,Contracorrent,"41,3955456","0,2181968",
node/1467027609,Yakumanka,"41,3902658","0,0215992",
node/1554649942,Torrades,"41,4375721","2,1566095",
node/1554649988,La Panera,"41,4374756","2,1563359",
node/1629007967,Masia Can Jonqueres,"41,5696239","2,1018584",
node/1643207884,Tostaderos Bon Mercat,"4,1383572","2,1777123",
node/1655774374,Restaurant Rectorat,"41,5042388","2,1010467",
node/1658425572,Rebeka,"41,3967185","2,1890325",
node/1676887354,Ciudadela,"41,3894426","0,2183741",
node/1685949861,Cerveceria Milenium 2,"41,3534566","2,0866307",
node/1711342192,Calero's Centre,"41,3744728","2,1349721",
node/1722136431,Cervecería Catalana,"41,3924032","2,1609008",
node/1739122591,La Tagliatella,"41,3943371","2,1521208",
node/1813593370,Bar Capricornio,"41,4381257","2,2179547",
node/1816141992,Bosco,"41,3852432","0,2174473",
node/1820633320,CASA TEVA,"41,3752815","2,1166845",
node/1824133931,Carmesí,"41,3737373","2,1644452",
node/1834280845,Zona,"41,6368076","2,7167216",
node/1879180984,La Prodigiosa,"42,1019116","0,0229456",
node/1948912981,Corgi Cafe,"41,3886058","0,2181614",
node/1948935061,Taverna Blai Tonight,"41,3735656","0,2164687",
node/1948986220,Cafeteria UPF Jaume I,"41,3900298","2,1901118",
node/1948987514,Cafeteria UPF Roger de Lluria,"41,3886776","2,1915119",
node/1951812612,Casa Pagès,"41,3998447","2,1613114",
node/1960366982,Casa Amalia,"41,3962525","2,1685646",
node/1960381242,Café Caracas,"4,1397034","2,1679041",
node/1981780957,Restaurant Hofmann,"4,1397162","2,1530322",
node/1984001407,Bar de la FIB,"41,3894239","2,1132363",
node/2023079012,Tasta'm,"41,3510399","2,0312312",
node/2034780565,Cerbeseria Lesseps,"41,4073551","2,1514486",
node/2034780569,L'Brasseria,"41,4067629","2,1516314",
node/2040907514,Can Sunye,"41,5688239","2,5266033",
node/2040907524,Sotavent,"41,5663128","2,5228025",
node/2050028587,Bar l'ancla,"41,5888093","2,5775837",
node/2056517879,Caelum,"41,3830524","2,1744369",
node/2065469522,Restaurant Pipa,"41,3997461","2,2003004",
node/2087204991,La Sanguchería,"41,3954987","2,1484037",
node/2091604731,Tapa Tapa,"41,3762094","2,1500463",
node/2112843062,El Vaixell-2,"41,4541291","2,2350201",
node/2112843063,Bar Granja Ana,"41,4541639","0,2235132",
node/2116478323,Bar Sporting,"4,1451428","2,2322905",
node/2137277603,On Café,"4,1398798","2,1708209",
node/2165154147,Asador de Lugo,"41,3797623","2,1376748",
node/2180888987,Ja hi som tots,"41,5455691","0,2217966",
node/2184580476,Bar del Pi,"41,3824922","2,1739624",
node/2184580514,Ocaña,"4,1379674","2,1755608",
node/2187210264,Sopa,"41,4023416","2,1952788",
node/2192075266,A' Cañota,"4,1415307","2,1820581",
node/2197824500,Tierra del fuego,"41,4016702","2,2016399",
node/2213839299,Pollo Rico,"41,3791045","2,1721976",
node/2246250275,Tiburon,"41,2663555","1,9820177",
node/2246259368,Celeste,"41,2663585","1,9716986",
node/2246284370,Taberna,"41,2660571","1,9685357",
node/2246301529,Bocata's,"41,2653586","1,9543445",
node/2246302895,Pizza Sur,"41,2653998","1,9572382",
node/2246306187,Rober's,"41,2659664","1,9691166",
node/2246312234,null,"41,2663029","1,9814799",
node/2246316668,Camarote,"41,2657274","0,1975672",
node/2246383635,Fosbury Cafe,"41,2653897","1,9576808",
node/2246390964,Casanova Beach Club,"41,2653984","1,9594703",
node/2246391136,null,"41,2659329","0,1964411",
node/2247789630,Craft Barcelona,"41,3831558","0,2176977",
node/2280002545,Granier,"41,2680174","2,0194799",
node/2326847462,Casanova,"41,2659043","1,9611565",
node/2326851355,Frankfurt's,"41,2653532","1,9553404",
node/2364075421,Chen-Ji,"41,3936143","2,1807074",
node/2434563732,La Bella Napoli,"41,3743686","2,1637621",
node/2435572563,Cafetería Pizzería Afrika,"4,1321225","2,0860328",
node/2442785485,El Círcol,"41,4501968","2,2474223",
node/2450280162,Bar restaurant Ateneu unió,"41,3613288","2,0275897",
node/2450280167,Sport,"41,3620023","2,0282241",
node/2453549464,La Adelita Sitges,"41,2347499","1,8068714",
node/2457866963,Glaciar,"4,1380221","2,1746504",
node/2468197823,365 Cafeteria Forn de Pa,"41,3752071","2,1635151",
node/2476332030,Bar Lennon,"41,4028901","2,1612576",
node/2500906795,Bar Lúdic Queimada Nivell Q,"41,4094152","2,1808913",
node/2574238254,Parrots,"41,2357142","1,8069381",
node/2598482930,Con Gracia,"41,3990704","2,1600617",
node/2609081753,365,"4,1392208","0,2167538",
node/2609183969,Fukuoka,"41,4022587","2,1612976",
node/2610011570,Immersió,"41,3831905","0,2174391",
node/2610015274,Chocolate Box,"4,1384715","0,0217514",
node/2610750687,Xiringuito Aigua,"41,4096717","2,1683236",
node/2618447074,Vegetalia,"41,3803973","2,1776952",
node/2618538581,Veggie Garden,"41,3822767","2,1680336",
node/2618538595,Biocenter,"41,3825765","2,1694364",
node/2682096948,Bar Oliveda,"42,0021369","2,2941505",
node/2682096950,MésKpa,"42,0024985","2,2932554",
node/2684052224,Pai Mei,"41,4051863","2,1931071",
node/2687089274,Dolça Estona,"41,4117096","2,1394938",
node/2689736934,Bar Bodega Molina,"41,4403298","2,1817019",
node/2721077740,Bar Veni,"41,3848861","2,1667078",
node/2727449418,Las Euras,"41,3998785","2,1577187",
node/2737925098,L'Electricitat,"4,1379349","0,2190017",
node/2737964876,Maians,"4,1379378","0,2190448",
node/2737971478,Leo,"4,1379481","0,0219093",
node/2737975897,Absenta,"0,4137951","0,0219116",
node/2793491051,La bona tapa,"41,4368098","2,2166172",
node/2892028393,Kino,"41,3825992","2,1665452",
node/2892037115,23 Robadors,"41,3796029","2,1708903",
node/2910255826,Shôko,"41,3854991","2,1969746",
node/2910255827,Opium,"41,3852778","2,1967099",
node/2927944587,Tapas Tapas!,"41,3745104","2,1829399",
node/2931396952,null,"41,6328887","2,1624896",
node/2951499208,El racó d'en Henry,"41,4394757","2,2215013",
node/2961666034,Bugatti,"41,5665685","2,5194621",
node/2966340931,El Capritx,"41,4022886","2,1998883",
node/2968119440,Can Tresó,"41,4028999","2,1537483",
node/2968921892,NAVY Coffee & Bar,"41,4057451","0,2163227",
node/2969276727,La Sirena Verde,"41,4027605","2,1657128",
node/2969277275,Café de l'Eixample,"41,4005021","2,1690108",
node/2970751837,Café del Sol,"4,1401784","2,1565238",
node/2970751844,Taverna El Disbarat,"41,4017728","2,1545227",
node/2970751845,Braseria Piras,"4,1401646","2,1543283",
node/3002583336,#ERROR!,"41,5648792","2,5148097",
node/3007755352,La Pausa,"41,4071883","2,1557816",
node/3007803307,Oh La Lá,"41,4460123","2,2485803",
node/3025935849,Una mica de Japó,"41,3836934","0,2153832",
node/3048077142,L'Aliança del Poblenou,"41,3997067","2,2032276",
node/3049368344,Clot76,"41,4082815","2,1885259",
node/3084370508,Marina Bay By Moncho's,"41,3863077","2,1975017",
node/3084507933,Caravelle,"41,3822872","2,1688475",
node/3120072573,Bar Restaurant Nàutic,"41,3806088","2,1408397",
node/3120093352,Como,"41,3798223","0,2140222",
node/3140472271,Bar Restaurant Zarpi,"41,5178854","1,8988835",
node/3140472275,Granja Torrentet,"41,5172621","0,0189987",
node/3140472299,null,"41,5172926","1,8996376",
node/3140472300,null,"41,5173167","1,8994539",
node/3144093647,La Cosa Nostra,"41,3673041","2,0188829",
node/3147102170,Cafè del Centre,"41,6332433","2,1632876",
node/3152933737,Elsara,"41,3682539","2,0220536",
node/3152959648,The Garrison,"41,3679822","2,0176248",
node/3152960020,La Plaça,"41,3677194","2,0170476",
node/3177990194,Mezcal Taco Bar,"41,3830563","2,1554872",
node/3204198562,El nou Casal,"41,4820888","2,2683349",
node/3204198564,L'avi Mingo,"4,1483326","2,2685536",
node/3226118482,Cachopería Brasería Ca La Paka,"4,1798529","2,2183827",
node/3226118485,La Violeta,"41,7987468","2,2188545",
node/3247894536,Zèfir,"41,9300534","2,2443345",
node/3270120640,Luigi,"41,3862659","2,1753788",
node/3271554311,Al Sultán,"41,4035661","2,1554863",
node/3328694987,Nou Candanchú,"41,4005128","2,1576475",
node/3339670930,Bahia,"41,3803265","2,1774842",
node/3353656153,Khalijia,"4,1390237","2,1706202",
node/3402572587,The 1916,"41,4918294","2,1390951",
node/3415816461,Cuina Sant Pau,"41,6014639","2,6231353",
node/3441700493,Santos Tapas,"41,3818417","2,1745121",
node/3491476947,Bar del Pla,"41,3856036","2,1800221",
node/3496970198,Centre Cívic Can Deu,"41,3869027","2,1327794",
node/3504769719,El Rincón,"41,3908977","2,1900669",
node/3517276245,Bar Canigó,"41,4029724","2,1579186",
node/3520083662,Restaurant Racó del Campanar,"41,5471878","2,1082329",
node/3522552400,Àpat's,"41,3757617","2,1419109",
node/3542490522,La Llesca,"41,7525096","0,1879005",
node/3548547194,El Bon Menjador - 2,"41,4388101","2,2172863",
node/3548548998,Bar Morales,"41,4395878","2,2165237",
node/3548613493,Sant Jordi Granja Bar,"4,1437706","2,2181061",
node/3548613495,Bar Paula's Tapería,"41,4385437","2,2175484",
node/3556089494,Delicias Mediterráneas,"41,4415079","2,2267435",
node/3556089497,Xurreria Rodríguez,"41,4416928","2,2264651",
node/3556089596,Tiankelong,"41,4427967","0,2225819",
node/3556089803,Bar de La Salut,"41,4422594","2,2258792",
node/3560942698,Sandvitxeria Alhociema,"41,4443624","2,2236761",
node/3560955995,Centro Cultural Castellano-manchego,"41,4390698","2,2176297",
node/3595399490,Bar Familiar,"41,4359163","2,2182018",
node/3595399492,Rostisseria Queda Pollo,"4,1435517","2,2180529",
node/3595399769,La granja de Casablanca,"41,4357671","2,2189395",
node/3595401238,Bar Alcázar,"41,4365542","2,2183742",
node/3596547827,Can Manel,"41,6030624","2,2911446",
node/3596986411,Agrupación Cultural Galega Agarimos,"41,4358268","2,2165495",
node/3612059306,Nabuco Tiramisú,"41,4004523","2,1577244",
node/3620392796,El Crossanet,"41,9334758","2,2452125",
node/3620986554,Yamane,"41,3868061","2,1808426",
node/3620991692,Yamaneko-ryouri,"41,4016619","2,1447787",
node/3621528193,Sant Miquel Gastronòmic,"41,6103062","2,2882135",
node/3624045193,Bar-Granja Maribel,"41,4399092","2,2235793",
node/3624045293,Bar La Cantonada,"41,4396227","2,2242325",
node/3634095357,El Taller,"4,1377177","2,0852194",
node/3639853576,Nou Urbisol,"41,5992401","0,1701086",
node/3711747235,Can Bordas,"41,7318573","2,5017553",
node/3711753758,Bar Avalon,"41,7314094","2,5027383",
node/3713349650,Groin's,"41,4108415","2,1637178",
node/3718061014,Bar Calders,"41,3764788","2,1623937",
node/3730796125,Buenas Migas,"41,3975542","2,1587856",
node/3761312382,La Fonda,"41,3793598","2,1762144",
node/3762966035,El Llit Bar,"41,5476592","2,1084356",
node/3777075876,Oaxaca,"41,3821041","2,1838988",
node/3779149860,EsPan's,"41,4349094","2,2194667",
node/3794002044,Samurai Ramen,"41,3736753","2,1548947",
node/3804046057,Robata Sushi & Grill,"41,3904886","2,1585836",
node/3809169458,Freiduría El Boquerón,"41,4400822","2,2264769",
node/3809169459,Marisquería Melchor,"41,4401715","2,2266602",
node/3809169461,Elhotro bar,"41,4401247","2,2268506",
node/3809169658,Carte d'Or,"41,4403068","2,2274065",
node/3809169668,Vivari,"41,4408122","2,2271125",
node/3809169669,Pantaiberic delicatessen,"41,4408174","2,2269502",
node/3813048857,Na Madrona,"41,6353833","2,1626198",
node/3815464457,Copeta,"4,1403019","0,2178883",
node/3840009426,La Esquinica,"41,4304816","2,1712169",
node/3874539219,Café del Centre,"41,3946111","2,1712059",
node/3890922254,Characato,"41,4046885","2,1836218",
node/3901403358,Les Dues Sicilies,"41,3866097","2,1802613",
node/3933142045,Paradís,"41,4397791","0,2215436",
node/3952001777,Cafè de la Plaça,"41,4239704","0,1786476",
node/3955968257,El racó de les Glòries,"41,3986109","2,1978895",
node/4060217594,Matt & Marshall,"41,3993348","2,1997769",
node/4067638189,Bar D.I.D,"41,7216898","1,8348614",
node/4073605889,Mariscco,"41,3804885","2,1753271",
node/4126257971,Xixbar,"41,3758485","2,1576176",
node/4127494769,Vapiano,"41,3788941","2,1758361",
node/4138815989,Nømad Cøffee,"41,3889108","2,1771731",
node/4147226265,null,"41,5492529","2,4313052",
node/4150499794,El 68,"41,4023622","2,1612062",
node/4166496789,Bar Thonet Grill Room,"41,3792408","2,1761073",
node/4168100800,Cervecería Frankfurt Europa,"41,4396191","2,2191504",
node/4184924290,Txapela,"41,3926728","0,2164779",
node/4200467952,Vermut i Tapes El Rellotge,"41,6018481","2,6274739",
node/4202061070,Bar 8-sis-sis-8,"41,7513429","2,1193526",
node/4224209448,Ca la Petita,"41,7377841","1,8021541",
node/4225209596,Bar El Velodromo,"41,3934442","2,1501395",
node/4225810298,Bar Nolla,"41,3905504","2,1647825",
node/4226760647,Colom,"4,1379825","2,1764897",
node/4233959493,Pastisseria Granja,"41,3795042","2,1792309",
node/4239222689,Rekons,"41,3806195","2,1610796",
node/4244877765,Bar La Peña,"41,4404265","2,2170329",
node/4244877778,Bar El Chaparral,"41,4416289","0,2218379",
node/4247196393,cal mariner,"41,3791754","2,1898206",
node/4248395993,Cafeteria-Restaurant Sandra,"41,3895849","0,2150335",
node/4253851490,El Trencadís,"41,3937976","2,1655309",
node/4253862889,Hummus,"41,3912547","2,1611975",
node/4254090289,La tasqueta de Blai,"41,3733347","2,1652358",
node/4254094290,Rosa Negra,"41,3819164","2,1687596",
node/4254704967,Firebug Brunch,"41,3927459","2,1778691",
node/4254996890,La Macchina,"41,4030005","2,1535966",
node/4267035492,Kebabish,"41,4409198","2,2217884",
node/4267055591,La cantina del tapeo,"41,4420999","2,2200224",
node/4278033120,Buenas Migas,"41,3838044","2,1696233",
node/4281892937,Vivari,"4,1410529","2,1645217",
node/4283188047,Granja Romaní,"41,4348618","2,2179712",
node/4283194434,Bar La Paradeta,"41,4337773","2,2167771",
node/4291934189,Fonda Espanya,"41,3799009","2,1728032",
node/4306440989,Blai 9,"41,3730722","2,1658539",
node/4314855989,La Gran Torrada,"41,4415815","0,2231269",
node/4314856590,Bar La Rosada,"41,4414219","0,2231667",
node/4314857689,El punt,"41,4413807","2,2316251",
node/4314859689,Versace,"41,4337089","2,2172203",
node/4315715092,Petit Comitè,"41,3943551","2,1600308",
node/4321183403,Brunch & Cake,"41,3882834","2,1615596",
node/4336933393,Mayura,"41,3938992","2,1720914",
node/4338698661,Fragments Cafè,"4,1386624","2,1324955",
node/4340119890,VIENA,"41,3579934","2,1293918",
node/4349886673,Dionisos,"0,4138047","2,1770302",
node/4349925690,Nemrut,"41,3810051","2,1772158",
node/4350019284,Palosanto,"41,3808122","2,1772701",
node/4362285508,Can Quico,"41,6658418","2,2659506",
node/4364289794,Faborit Casa Amatller,"41,3915836","2,1650592",
node/4386702690,Red Ant Noodle Bar,"41,3880129","2,1810961",
node/4396244190,Fresc Co,"41,3891657","2,1969678",
node/4401234193,BlackLab Brewhouse & Kitchen,"41,3812305","2,1854573",
node/4406708695,Raspall,"4,1401192","2,1605852",
node/4427919102,Mesón el Cid,"41,2093739","1,7053261",
node/4431102493,Forn Puiggròs,"41,4102615","2,1741597",
node/4437577591,L'Antillana,"0,4145054","0,2253954",
node/4439412389,La Vinya del Senyor,"41,3832546","2,1818655",
node/4440352791,La Gavina,"41,3807532","2,1853211",
node/4443367289,Pannus,"41,3863691","2,1726728",
node/4448306727,Cafe gaucho,"41,4925954","2,1469867",
node/4449185678,Il Caffè di Francesco,"41,3908733","2,1652201",
node/4451904190,Bar Granadino,"41,4404153","2,2238276",
node/4451904193,La ciudad de oro,"41,4408727","2,2240695",
node/4451986792,Cafe Bar Florida,"41,4403503","2,2236929",
node/4451986793,Bar Amigo,"41,4411469","2,2238965",
node/4451988991,Bar Frankfurt Jaime,"41,4408051","2,2241201",
node/4451989090,Entre tapes,"41,4423118","2,2237245",
node/4451992791,Bar Leo,"41,4406309","2,2245529",
node/4452031691,Bar La Granja,"41,4427953","2,2241899",
node/4455238130,Anahuac,"41,3965161","2,1513989",
node/4461595656,Cafeteria de la Biblioteca Jaumer Fuster,"41,4075557","2,1493457",
node/4463386775,La Sandvitxeria SBD,"41,5485421","2,1093996",
node/4469874235,El Navegante,"41,2631413","1,9326846",
node/4469874236,Espai Canyars,"41,2893638","1,9837441",
node/4469877492,Punt de Trobada,"41,2877776","1,9864802",
node/4470059420,Mesón Gallego,"41,3818896","2,0709288",
node/4486639527,Boldú,"41,3973783","2,1517865",
node/4486683966,La Tagliatella,"41,3974141","2,1514101",
node/4503193765,Bicioci,"41,3999229","2,1619101",
node/4509411660,Bar Mediterráneo,"41,4343007","2,2180868",
node/4516538193,Más Que Sushi,"41,3774227","2,1527247",
node/4516600994,Salambó,"41,4044546","2,1576355",
node/4520259289,Cachitos,"41,3953057","2,1536913",
node/4559921014,Restaurant Suis,"41,5478349","2,1147563",
node/4572063790,Cafetería 365,"41,3744652","2,1675541",
node/4580509208,La Ceverseria,"4,1402781","2,1583233",
node/4580517495,Cadaqués,"41,4004717","2,1574102",
node/4583807040,San Taco,"41,3669628","2,0150932",
node/4591423938,Arabia Cafe,"41,3796023","2,1762764",
node/4602957463,Otafuku Daifuku,"41,3861633","2,1813225",
node/4631918790,Casa López,"41,4047191","2,1550626",
node/4643223187,Bun Bo Gótico,"4,1385069","2,1749973",
node/4643974106,Kyoka Via Augusta,"41,3979693","2,1315017",
node/4654613659,afiparc,"41,4134414","2,1527296",
node/4668687590,Can Vilaró,"41,3779004","2,1617005",
node/4673198082,Montesquiu,"41,4046825","2,1325233",
node/4676080734,Las Palmeras,"41,5583259","2,5026029",
node/4680760647,Pepa Tomate Mandri,"41,4048203","0,2132357",
node/4680760648,Sushi Taller,"41,4048621","2,1326565",
node/4681801089,Orxateria la Valenciana,"41,3863413","2,1622578",
node/4704972453,majide,"41,3849224","2,1674688",
node/4709933976,Sottovoce,"41,3579226","2,1294974",
node/4710869114,Casa Moritz,"4,1391956","0,2161896",
node/4711659235,Casa Lolea,"41,3888056","2,1771897",
node/4720526074,El Charrito,"41,3896183","2,1662427",
node/4721286889,Prodigi,"41,3985973","2,1659559",
node/4726582894,Catalina Cafe,"41,3862071","2,1793039",
node/4726582989,Amakó,"4,1397663","2,1671923",
node/4726583193,Betlem,"41,3949258","2,1712207",
node/4727975192,La Coruña,"41,4083413","2,1851911",
node/4728103192,Cafè Arrels,"41,4137041","2,1809929",
node/4729343193,Cervecería Frankfurt El Molino,"41,3746194","2,1669636",
node/4729539590,Caj Chai,"41,3828733","0,2175566",
node/4735766123,I'll Pomo d'Oro,"41,3926987","2,1585151",
node/4737137388,Can Virgili (restaurant),"41,6561191","2,5091946",
node/4743830714,Casa Escarré (Joan's),"41,3747567","2,1427755",
node/4751727952,Bar Ribalda,"41,4026552","2,1328307",
node/4755496723,Brewdog,"41,3857301","2,1581661",
node/4756410449,Hotel Restaurant Bayona,"41,6170066","1,3998919",
node/4756509699,Morro fi,"41,3833069","2,1550311",
node/4768496536,Bodega Chumi,"41,4914537","2,1386561",
node/4776357929,Tomodachi,"41,4053891","2,1644663",
node/4776361623,Bar Pietro,"41,4025961","0,2159745",
node/4777016828,Frankfurt,"41,4090523","0,2185381",
node/4778618049,De Gustibus Italiae,"41,4027491","2,1330183",
node/4784670742,Índigo Café,"41,3874831","2,1626443",
node/4792724121,Venus Delicatessen Barcelona,"41,3807065","2,1779781",
node/4793643274,Bar del Casal,"41,5554321","1,9541499",
node/4802341078,El Quatre,"41,4031267","2,1333762",
node/4805335780,Madonna Vegan,"41,3812162","2,1671279",
node/4816093515,Olímpic Bar,"41,4422394","2,2177816",
node/4822739686,Bar El Racó,"41,4417497","2,2212713",
node/4831627377,Restaurante Vallpineda,"41,2462312","1,7950153",
node/4838956921,Supra,"41,3910798","2,1613999",
node/4844565923,Pampa Drugstore,"41,3827176","2,1712051",
node/4847673021,Usagui,"41,4021671","2,1463849",
node/4859449960,Restaurant el Magatzem,"41,3805096","2,1863595",
node/4859450597,Restaurant Cal Pinxo,"41,3806265","2,1855795",
node/4867833221,Pizzeria El Mundo,"41,3751322","2,1231212",
node/4881181797,Sierra Nevada,"41,4420581","2,1834715",
node/4892041021,Divan,"41,3843798","0,2170196",
node/4903340658,El Ramblero,"41,4219271","2,1969049",
node/4906736149,L'Olivera,"41,4058547","2,1893093",
node/4908825611,Bar Guàrdia,"41,4986715","2,1603806",
node/4908825612,Cervecería 93,"41,4990914","2,1595652",
node/4908997304,Massamara,"41,4976028","2,1595277",
node/4908997306,Rest. Massamara,"41,4973577","2,1600024",
node/4908997313,El Cafetó,"41,4987157","2,1626953",
node/4908997318,La Cantonada,"41,5010761","2,1612147",
node/4908997722,Café La Fuente,"41,5059963","2,1565039",
node/4917663030,Picnic,"41,4179648","2,1988442",
node/4935522121,Cafeteria tapes restaurant,"4,1379266","2,1379877",
node/4937772721,Vila's Bar,"41,4059086","2,1571314",
node/4938104321,Hammock Juice Station,"41,3971863","2,1671778",
node/4942498721,Bon Repòs,"4,1631399","0,2721063",
node/4973805221,Brunch & Cake by the sea,"41,3809714","2,1872568",
node/4973805421,Quinoa Aragó Vegetarià,"41,3886233","2,1598684",
node/4977546909,Tonkotsu,"41,3938467","2,1650368",
node/4983764927,Cervecería-Frankfurt,"41,4394391","2,2207951",
node/4983764929,Bar Las Tapas,"4,1442218","2,2224034",
node/4983764935,Max Bar,"41,4401476","2,2214687",
node/4983764943,Acuario,"41,4407587","0,2221976",
node/4983764944,Bar Verín,"41,4396911","2,2210187",
node/4983764949,Bar R'Aurora,"41,4400582","2,2213943",
node/4983764952,Trocadero,"41,4385047","2,2204982",
node/4983764956,El Nostre Pa,"41,4408333","0,2222094",
node/4983764957,Bar La Alpujarra,"41,4420698","2,2228867",
node/4983764958,Sant Mori,"41,4390777","2,2210618",
node/4983764960,El buen gusto,"41,4411919","2,2225719",
node/4983764965,Bar Junior Bodega,"41,4417139","2,2225318",
node/4983764975,Bar Satisfecho,"41,4385461","2,2198488",
node/4983764998,La crisis,"41,4418359","0,2221507",
node/4983765002,Bar sushi Salon,"41,4425727","2,2233672",
node/4983765004,Corre que se acaban,"41,4392453","2,2212328",
node/4983765005,365,"41,4403303","2,2225575",
node/4983765018,La que hemos liado BDN,"4,1439266","0,2220602",
node/4984235188,Las Brasas del Tío Manolo,"4,1410556","2,2078314",
node/4984256695,Pampa Mía,"41,4085709","2,2035603",
node/4986336991,Mas de Sant Lleí,"41,5475623","2,3005709",
node/4991221422,Salterio,"41,3825107","2,1760837",
node/5007434606,La Balmesina,"41,3970301","2,1522555",
node/5010794721,Syra Coffee,"41,4014925","2,1595216",
node/5010794821,Nomad Frutas Selectas,"41,3979292","2,1955517",
node/5020154350,Pizza Paco,"4,1387025","2,1810401",
node/5023905423,Petra,"41,4038883","2,1551166",
node/5028969022,Guzzo,"41,3850929","2,1836594",
node/5030247521,La Pantera Rosa,"41,4010493","2,1525903",
node/5037900607,Orio,"41,3819545","2,1763606",
node/5045656023,Castilla,"41,3681469","0,0213458",
node/5048602525,Blau Cel,"41,4043091","2,1612896",
node/5052314721,Illuminati,"4,1407315","2,1556575",
node/5053669724,La Xula Taperia,"41,4023295","2,1586126",
node/5076268937,Bar El Mesón,"41,4394491","0,2223228",
node/5081388242,La Raposa,"41,3725137","2,1639527",
node/5081847508,Rest. Casa Hidalgo II,"41,5352462","2,1327845",
node/5081847512,Restaurante Gordajos,"41,5369166","2,1325538",
node/5082277825,Vermuteria Puigmartí,"41,4013967","2,1590604",
node/5082277826,Caracas,"41,4020908","2,1601676",
node/5082288521,L'Amélie,"41,4005265","0,2157477",
node/5082288821,Curuba,"41,3999554","2,1574731",
node/5086827321,Metric Market,"41,3916196","2,1419287",
node/5088945722,La Juanola,"41,4066765","2,1569377",
node/5089333723,Ciuri‘s,"41,4052466","2,1565749",
node/5105012628,Entre Hores,"41,4030943","2,1577829",
node/5109943322,Intrèpid,"41,4043018","2,1550041",
node/5110964523,La Trobada,"41,4015625","2,1520155",
node/5111094221,El Dorado Chicken,"41,3930251","2,1579995",
node/5111795421,Esterri,"41,3812449","0,2161753",
node/5113896626,Granja Fimon's,"41,4477805","2,2438919",
node/5117052518,Mar de Pins,"41,2717048","2,0406335",
node/5118124314,Kebab Bocateli,"41,4426035","2,2166674",
node/5118124320,El Jardín,"4,1439587","2,2145247",
node/5118126421,Bar Frankfurt Polideportivo,"41,4429429","2,2162226",
node/5118126428,Granja Modesto,"41,4343689","2,2158958",
node/5118126435,Cafeteria i Forn de pa Grey,"41,4332655","2,2174982",
node/5118126438,Frankfurt Piscis,"41,4360107","2,2158678",
node/5118126440,Bar Julio,"41,4348299","2,2151483",
node/5118126443,Bar Beethoven,"41,4328863","2,2181523",
node/5118126453,Bar Bondia,"41,4342763","2,2160261",
node/5128050899,Swagatam,"41,3982774","0,2160725",
node/5128075585,Monkey Factory,"41,3927261","2,1544614",
node/5137360822,El Jardí,"41,4475237","2,2469586",
node/5137360826,Cafeteria Centre,"41,4505363","0,0224466",
node/5144745888,Bar La Imperial,"41,4372451","2,2200669",
node/5144745889,Gabi,"41,4372105","2,2199582",
node/5144745893,Bar India,"41,4420657","2,2284253",
node/5144745896,Mokka,"41,4371063","2,2201689",
node/5156690125,Loc,"41,4351636","2,2283155",
node/5160440326,Les Termes Bdn,"41,4520115","2,2476488",
node/5167185733,La Sucursal,"41,3806502","2,1611889",
node/5167569072,El Mercader de L'Eixample,"41,3923316","2,1603286",
node/5168232323,El Drac de Sant Jordi,"41,3826475","0,0217416",
node/5168232324,Colmado,"41,3819235","2,1744264",
node/5175039621,Green's,"41,3959672","2,1496553",
node/5176233727,Els Porxos,"41,4031581","2,1751611",
node/5182260830,Catafal,"41,4088089","2,1468574",
node/5182947092,Restaurant Masia El Casot,"41,6296258","1,7993466",
node/5190930121,Casa Ángel,"41,4070235","2,1818566",
node/5192085421,Esterri,"41,3812805","2,1618108",
node/5198200824,Copa d'Or,"41,3963876","2,1688461",
node/5198200829,Gyoza Bistró,"41,3940771","2,1723519",
node/5198201029,Palermo,"4,1395953","2,1655387",
node/5198201036,Nou Can Codina,"41,3989586","2,1608728",
node/5198201122,La Particcela,"41,3961328","2,1697679",
node/5198201124,Riko's Braseria - Restaurante,"41,3929731","2,1692667",
node/5199718422,El Meu Poble,"4,1403514","2,1497995",
node/5199743028,seven7seven,"41,3898868","2,1622344",
node/5203956424,365,"41,3848621","0,2166981",
node/5204556111,Chico,"4,1403085","2,1337574",
node/5207046925,Sense Nom,"41,3843558","2,1622563",
node/5207067522,El Maravillas,"41,3868914","2,1323626",
node/5208223424,Bonastre,"41,3774986","2,1587463",
node/5210884653,Bar Restaurant Tres Temps,"41,4359158","0,2192926",
node/5212252535,Tariq,"41,4477214","2,2405051",
node/5218828496,Conecta,"41,4388265","2,2253266",
node/5218828499,Sweet dolç,"41,4385456","2,2254351",
node/5223073021,Punto Uy,"41,2656739","1,9763358",
node/5223167022,Topanga Club,"41,2656265","1,9852638",
node/5226505321,Bodega E. Marin,"41,4025586","2,1609645",
node/5228942946,La Pubilla,"41,3995748","2,1536674",
node/5236048598,La Placeta,"4,1355458","2,0312476",
node/5236478924,Afecte,"4,1393722","2,1656331",
node/5237627856,Tasmango Dessert,"41,3909254","2,1784375",
node/5238186123,Lennox,"41,3834186","2,1829502",
node/5257605852,Restaurant Rubión,"41,5462346","2,1044683",
node/5271863048,Rest. Alexandre,"41,4322501","2,1835476",
node/5286467104,Granja Monsul,"41,4437723","2,2239591",
node/5291676624,People Cafe,"41,3818105","0,2157367",
node/5298404593,Próspero,"41,4382431","2,2237839",
node/5298404603,Bar Salamanca,"41,4388532","2,2246477",
node/5298405325,Bar Can Gabella,"4,1438981","2,2253292",
node/5298405327,Bar Benuga,"41,4383471","2,2243229",
node/5298405384,Bar Rocío Los Cazadores,"41,4389682","2,2252641",
node/5299921729,Bar Restaurante Casa Ruiz,"0,4143662","2,2227383",
node/5299921764,Bar Crack,"41,4343466","2,2189911",
node/5299921787,Snack bar Masnou,"4,1437696","2,2247736",
node/5299921791,Matew's,"4,1434471","2,2187112",
node/5299921803,El Reencuentro,"41,4347008","0,2219111",
node/5299921811,Can Daura,"41,4358077","2,2218721",
node/5299922525,Bar La Imperial,"41,4354603","2,2205399",
node/5299922526,Bar Marta,"41,4349148","2,2200469",
node/5299922528,Crispan,"41,4355534","0,2221508",
node/5304593461,Bar Titó Doner Kebab,"41,5613786","2,0957056",
node/5313632423,365,"41,3789307","2,1718613",
node/5318776378,365 Obrador,"41,4472943","2,2503389",
node/5327558998,Bar Susana,"4,1371676","2,1442035",
node/5327570662,Ancestral,"41,3977332","2,1656576",
node/5331833101,La Masia Costablanca,"41,4793351","1,9492685",
node/5334717266,Xamfrà,"41,5862718","2,3245938",
node/5334717269,Dover,"41,5869307","2,3255485",
node/5347967007,Bar Marín,"41,4474106","2,2217195",
node/5347967009,Bar La Cantonada,"41,4474812","2,2209325",
node/5359027653,El Kóm,"42,1029314","1,8448934",
node/5363964402,El gran croissant,"41,4359355","2,2167366",
node/5382630623,Nou Capriccio,"41,5473078","2,2058198",
node/5395531687,Las Marismas,"41,3701297","2,1215161",
node/5407919537,El Yate,"41,4039787","2,1367463",
node/5417394838,Cervecería La Torrada,"4,1456481","2,2598724",
node/5417394850,Les banderes,"41,4569511","2,2581779",
node/5417517130,Tou Kichi Rou,"41,3919953","2,1432267",
node/5418243448,La Pampa,"41,3793623","2,1879402",
node/5418243450,els maians,"41,3786757","2,1882219",
node/5418243451,no30,"41,3791653","2,1879988",
node/5418243452,Lolita,"41,3783615","2,1882936",
node/5418243453,Toc de mar,"4,1378976","2,1881069",
node/5418243454,Reina Margherita,"41,3792655","2,1879835",
node/5423301022,La Ronda,"41,3896126","0,2174059",
node/5434314893,PolkaBarcelona,"41,3859057","2,1326565",
node/5442906633,La Cort Montseny,"41,7759515","2,3736912",
node/5484118062,Nazar,"41,5477867","2,1084492",
node/5484155212,Sushi21,"41,5471595","2,1078983",
node/5484175717,El Suau,"41,5471823","2,1084145",
node/5485540627,Bar Placídia,"41,3999472","2,1524915",
node/5487473548,Cafè Mos,"41,4143487","2,1384116",
node/5488634279,Eli,"41,6296031","2,2967927",
node/5498351755,365 Cafeteria Forn de Pa,"41,3747778","2,1626826",
node/5509139428,La Carmanyola,"41,4013829","2,2068942",
node/5521367230,La Centraleta,"41,4827526","2,2686775",
node/5521367255,Malenkas,"41,4800216","0,2267642",
node/5521367302,Restaurante Mas Blanc,"41,4874247","2,2697563",
node/5536153362,Cafeteria La Dona,"41,4396715","2,2242727",
node/5564055763,Panda & Smile,"41,3842068","2,1585673",
node/5564064431,Atrapatapa,"41,3832362","2,1568636",
node/5570750334,Ca l'Àngel,"41,5453195","2,1162312",
node/5595134220,Cervecería Amoretty's 3,"41,4412382","2,2200117",
node/5606506169,Sincopa,"41,3803881","2,1789886",
node/5611733921,Buenas Migas,"41,4024253","2,1743326",
node/5617465886,Amateur,"41,3967536","2,1962847",
node/5629908322,la bona pinta,"41,5789391","2,5518948",
node/5630141472,Restaurant Can Cambó,"41,7159943","2,5223033",
node/5646335577,Can Llaunes,"41,4478763","2,2510005",
node/5646412432,Made in Sicily,"41,4483394","2,2490191",
node/5646415922,La Bella Istambul,"41,4479233","2,2494906",
node/5658288082,Can Teixidó,"41,4491148","2,2483189",
node/5663240986,Cafè Escac,"41,3837378","2,1695562",
node/5676005621,CACHO,"41,3931048","2,1910878",
node/5677839843,Rest. La Tagliatella,"41,5291709","2,1887203",
node/5677839844,Rest. Vostre Vite,"4,1529178","0,2187255",
node/5692899822,Voramar,"41,6013556","2,6251155",
node/5693392592,Cal Jordi,"41,5215603","2,1270859",
node/5696409381,L'AUTÈNTIC Restaurant Libanès,"41,4020828","0,2200141",
node/5705925129,Analògic,"41,5385134","2,2142438",
node/5718757792,360°,"41,3790957","2,1696433",
node/5721034923,Nogal,"41,3989677","0,2178717",
node/5729165321,Restaurant Mirador de Montserrat,"41,7876058","1,8258513",
node/5734606540,Indalo House,"41,6351332","2,7237301",
node/5734606724,Yogurtheria Danone,"41,6306866","0,2716861",
node/5793057257,Bar Granja el Chiquitín,"41,4398176","2,2263171",
node/5796742218,The Clock,"41,3754168","2,1482785",
node/5805410453,Morrow Coffee,"41,3771392","2,1513283",
node/5806521955,Paisano Bistró,"41,4048549","2,1759323",
node/5810830023,La Catedral,"41,3807635","2,0455289",
node/5820816655,Bar Beny,"41,4357971","0,2190894",
node/5834678738,La Capella de Can Gambús,"41,5459294","2,0816889",
node/5856758686,El racó de les tapes,"41,4357708","2,1910224",
node/5878496985,UDON,"41,4051569","2,1921906",
node/5879045660,El Marítimo,"41,2650269","1,9972845",
node/5885863967,Bar Mundial,"41,9997345","2,2769707",
node/5914744894,Vesta,"4,1402071","2,1647815",
node/5916157285,Bar Castells,"41,3841472","2,1698121",
node/5923867889,null,"41,4406062","2,2451514",
node/5930228787,Mi casa,"41,3993608","2,1535771",
node/5933808740,Kserol,"41,3986236","2,1753141",
node/5937662803,Yayo Juan,"4,1440799","2,2158885",
node/5938571987,La Mesa,"41,2713207","1,9815249",
node/5941022561,Wok Chef,"41,2801362","1,9774272",
node/5941029919,Sushi Chef,"41,2801775","1,9773716",
node/5941029920,Wu Sushi,"41,2805888","1,9774901",
node/5944781772,Restaurante Burning Rock&Food,"41,3746837","2,1311612",
node/5951964888,el Fornet,"41,3882003","2,1723419",
node/5972440521,Feroz,"41,3965882","2,1508404",
node/5980982393,Pepa Tomate,"41,3767661","2,1627826",
node/5996234004,El Racó de Can Valentí,"41,3678944","2,0183519",
node/6000108088,La Neura,"41,4002093","2,1660134",
node/6001279431,Bar del Centre - Pep's,"41,6113128","2,5396221",
node/6009236381,Mesón Balouta,"41,4384121","2,1649296",
node/6010958530,Pizzeria Roma,"41,4412632","0,2225814",
node/6010958538,Bar Avenida,"41,4371962","2,2238498",
node/6010958540,Bar Trébol BCN,"41,4352675","2,2193633",
node/6027971388,Novell,"41,4070495","2,1667319",
node/6038827086,Honest Greens,"41,3986972","2,1569862",
node/6052688287,100 Montaditos,"4,1378233","2,1703488",
node/6056018547,Verdaguer,"41,9308683","2,2506089",
node/6066258257,Bar Roma Sports,"41,4449369","2,2223513",
node/6089625321,Vivari,"41,3973187","2,1676233",
node/6093865396,The FRESH POKE,"41,3975268","2,1644457",
node/6093944886,Nicasso,"41,4072456","2,1873211",
node/6096656135,Yoi Yoi Gion,"41,3965593","2,1606187",
node/6101403131,Gokoku,"4,1384177","2,1589709",
node/6101403340,Rainbow,"0,0413843","2,1604818",
node/6104559348,Belles Arts II,"41,3872827","2,1361782",
node/6104561002,Toyodo,"41,3866914","2,1375355",
node/6106764321,Il Caffe di Francesco,"41,3930707","2,1642758",
node/6109526596,El Cuiner de Damasc,"41,3814196","2,1776754",
node/6110978486,Bonaparte,"41,4775805","2,0724847",
node/6118581143,Penya Solera Barcelonista,"41,6152741","2,0847706",
node/6123253862,Bar Granja Oasis,"41,3505068","2,1127043",
node/6126749461,Cantero,"41,3942111","2,1902433",
node/6132612213,El Racó d'en Min,"41,3810625","2,0457741",
node/6139362988,Starbucks,"41,6100761","2,3431994",
node/6164234382,Poké Sí,"41,4052321","2,1924708",
node/6164235940,Sundown,"4,1401992","2,1998344",
node/6164236104,Palo Verde,"41,4047343","2,1968042",
node/6166398253,Panet,"41,3861845","2,1430687",
node/6181549643,Braseria El Rebost de l'àvia,"41,6089789","2,5406961",
node/6181549644,Plats (antic Cafè Rovira - Can Ton),"41,6092521","2,5406646",
node/6181549646,Pastisseria Mateu Closa,"41,6085328","2,5407907",
node/6182404055,Kasa,"41,3861348","2,1656868",
node/6188914880,Bella Venezia,"41,3965502","2,1644865",
node/6188922858,Arc iris,"41,3998386","2,1715382",
node/6192645490,Candela Bar,"41,9284049","2,2547101",
node/6193461695,Sun Market,"41,3928465","2,1569854",
node/6193462120,365,"4,1393419","2,1577106",
node/6193462651,Level,"41,3935276","0,2157906",
node/6193479448,Akashi Sushi Bar,"41,3923045","2,1558108",
node/6195973993,Los Jardines,"4,1389813","2,1404758",
node/6200571548,La Svolta,"41,4061025","2,1515184",
node/6202321417,La Tapeta del Coll,"41,4179646","2,1467035",
node/6204104907,La Papa,"41,3898088","2,1577366",
node/6209023659,Bar Duero,"41,3853421","0,2137435",
node/6211250651,Agüelo013,"4,1380305","2,1792164",
node/6216083704,La Coma,"41,3401472","2,1265697",
node/6216218158,la Zona,"41,3460291","2,1439158",
node/6216756977,Estrella de Istanbul,"41,4098375","2,1751296",
node/6227022402,La Bona Estrella,"41,5004606","2,3199356",
node/6230304873,Bar Munich,"42,1024636","1,8447009",
node/6230377291,Pizzeria la Notta,"42,1025594","1,8451501",
node/6230377294,SINERA Brases Cafè,"41,3874741","0,2136485",
node/6230395442,Akelarre,"41,3892275","2,1373726",
node/6230407068,Starbucks,"41,3951351","2,1581903",
node/6232752417,El Taller,"41,3587511","2,1404908",
node/6237797177,Luri,"41,3977931","2,1514901",
node/6246525924,in blue,"41,3877036","2,1368756",
node/6250219942,Al sur,"41,3941572","2,1586822",
node/6258204268,Bar la rotonda,"41,5899603","2,1766346",
node/6258570565,Dino Pan,"41,3824376","2,1318622",
node/6258570699,Don Sándwich,"41,3820321","2,1315862",
node/6258596765,365,"41,3784255","0,0213365",
node/6258715958,La Lluna de Gavà,"41,3672801","2,1403759",
node/6258718433,La Toscana,"41,3805625","2,1323335",
node/6258718652,Cafeteria Melody Bar,"41,3779464","2,1338934",
node/6258719247,Bar Florida,"41,3592896","2,1399844",
node/6260784864,La Cabaña,"41,3699161","2,1341331",
node/6260786086,365,"41,3853379","0,2132912",
node/6260786193,Goiko Grill,"41,3656448","2,1357604",
node/6264834185,König,"41,3862163","2,1827612",
node/6298115913,N.A.P.,"41,3774834","2,1900137",
node/6316025985,L'Esclop,"41,3768262","2,1577412",
node/6327683764,Can Duran,"41,4934234","0,2295407",
node/6327728376,Aromakaori,"41,4934885","2,2954368",
node/6330973943,Don Kilo,"41,3998564","2,1639573",
node/6333708759,SandwiChez,"41,3941488","2,1694356",
node/6334053687,Cafè Yafa,"41,3997495","2,1643963",
node/6334053692,La Mananta,"41,3994169","2,1648424",
node/6336760726,Pub Xauxa,"42,0003612","2,2829636",
node/6339732807,La Soca 2,"41,3912352","2,1594135",
node/6339732809,Creps Barcelona,"41,3905618","2,1590619",
node/6354263498,El trull,"41,6849372","2,2861664",
node/6357834156,Les gens que j'aime bar,"41,3936947","2,1648505",
node/6358655347,Can Tres,"41,3466448","1,8468417",
node/6369964287,El Bon Gelat,"41,4806708","2,3166763",
node/6371980485,Three Marks Coffee,"4,1397233","0,2183147",
node/6373743750,Frankfurt de Maria,"41,4904049","2,2959659",
node/6376143556,Cafeteria de l'estació,"4,1220196","1,7302961",
node/6378022248,Bon Lloc De La Tieta,"41,4791788","1,9189225",
node/6381462875,Comarca Cuina L’Hocal,"41,3609203","2,1295937",
node/6424929026,Cafeteria Samy's,"41,3637433","2,1369241",
node/6424929700,Sakuraya,"41,3653001","2,1307952",
node/6431480513,Restaurant Bodega de Tapas,"41,3772493","2,1371156",
node/6431508292,Bodega Salvat,"41,3711848","2,1345217",
node/6431508293,Jaqueline's,"41,3682256","2,1345214",
node/6431508485,Japonia Café,"41,3806518","2,1387176",
node/6431508488,La Bodegueta de Sants,"41,3710695","2,1344235",
node/6431512182,Bar Montevideo,"41,3693939","2,1342386",
node/6431558869,Bar Alegría,"41,3629394","2,1373301",
node/6431559030,Bar El Faro,"41,3628529","2,1373795",
node/6433259684,Entre Copas,"41,3621672","2,0761548",
node/6435327238,Rabbar,"41,3865007","0,2132272",
node/6438381289,Vera Café,"41,3883674","2,1779512",
node/6441451785,Líder de Istanbul,"41,3752687","2,1338088",
node/6445233216,Gyoza Bar,"41,3931059","2,1798949",
node/6450380989,Bar But,"41,3979648","2,1593688",
node/6450381086,La Porxada,"41,4030026","2,1637245",
node/6458330471,Txoko,"41,2656845","1,9783953",
node/6461425689,El Elefante,"41,2705307","1,9519847",
node/6462934229,Concordia,"41,3864201","2,1321758",
node/6475037976,L'Oasi a Consell,"41,3830142","2,1547507",
node/6477273844,Fandango,"41,3982346","2,1423415",
node/6477417847,Café & Tapas,"4,1388993","2,1334401",
node/6497296739,D'Herber,"41,2667259","1,9568182",
node/6497410694,2112,"4,1266528","1,9570644",
node/6506313588,Antigua,"41,3980086","2,1492952",
node/6507308246,L'Antica Pizzeria Da Michele,"41,3928154","2,1682858",
node/6532206187,Yü Sushi,"41,4032734","2,2032208",
node/6532330793,La Xemeneia,"41,4016359","2,2048002",
node/6535101686,Alma Loca,"41,3992845","2,1970974",
node/6538194375,Mr. White,"41,3761815","2,1601126",
node/6568369188,Elpilar,"41,4000903","2,1489875",
node/6579629985,Galicia,"41,3779733","0,2152458",
node/6582698575,La Pelleria,"41,6304877","2,1680889",
node/6597321587,Welcome,"41,4065151","2,1509474",
node/6600189447,café bar juli-mac,"41,3782625","2,1239845",
node/6614676296,Malpaso,"4,1394222","2,1716963",
node/6642989000,El Pa Sencer,"41,3835483","2,1341796",
node/6642989001,Ateneu Popular de les Corts,"41,3826968","2,1329407",
node/6654663464,Restaurant Centre Cívic La Fonteta,"41,6879754","2,1624756",
node/6665384785,Kahiki,"41,3856178","0,2162618",
node/6680396487,La prorroga,"41,4032976","2,1567512",
node/6680687871,La Mar Salada,"41,3768035","2,1888904",
node/6681709948,Kiltro Gràcia,"41,4018317","2,1544539",
node/6684448285,Ca La Plade,"41,7957462","1,9494128",
node/6685542220,La Xicra,"41,7958332","1,9499691",
node/6685542222,Mallorca,"41,7984907","1,9546884",
node/6685601194,Bar de la Piscina,"41,7951227","1,9500368",
node/6688243335,Maresme 2,"41,5898405","2,5770973",
node/6690595779,Sensi Tapas,"4,1380334","2,1799583",
node/6694720433,365 Cafè,"41,3646745","0,2128033",
node/6699876160,El Polònia,"41,7964733","1,9532773",
node/6699956275,Frankfurt El Tirolés,"41,7966245","1,9533162",
node/6707500988,Morrison's Bar,"41,7977421","1,9543878",
node/6710510485,Catedral 1951,"41,3849142","2,1757337",
node/6724669048,Ciutat Nova,"4,1364904","2,1292861",
node/6742296664,Charlotte's Grill,"41,5026398","2,3935476",
node/6750944404,Brasaña,"41,3605721","2,1345777",
node/6757307686,Kitsu,"41,4017918","2,1543486",
node/6757314489,LomoAlto,"41,3936053","2,1663935",
node/6758158787,Tapa Tapa,"41,2901705","2,0780363",
node/6766273102,inti & chaska,"41,3886755","2,1599487",
node/6771863086,Montseny,"41,4070642","2,1804416",
node/6775495571,El Petit,"41,3298893","2,0988681",
node/6779994555,Anònims,"4,1605451","2,2863549",
node/6782427526,Híbrid Cafè Restaurant,"41,3771219","2,1203336",
node/6786006588,365,"41,3820297","2,1697221",
node/6790695789,El Rincón de la Abuela Venezolana,"41,4058359","2,1788147",
node/6797535703,La Pergola,"4,1565858","2,2250231",
node/6805613085,Bar la Cabaña,"41,4071784","2,1778546",
node/6812099686,La Xurreria de Maria,"41,4050102","2,1750002",
node/6812437100,Turó del Sol,"41,5711528","2,5174266",
node/6816163527,La Sardana,"41,7947229","1,9466928",
node/6821384885,Blu Bar,"41,3983358","2,2045648",
node/6835358009,Murivecci,"41,3874075","2,1828282",
node/6852974547,Garrido,"41,3603039","2,1401381",
node/6852994516,La Patatona,"41,3604651","2,1400108",
node/6855027201,Bar Sandwicheria Enka 3,"41,3758876","2,1221107",
node/6860205488,Maximmus Pizzeria Napoletana,"41,5465271","2,1096379",
node/6871523347,Cafe Punto 10,"41,3805947","2,1364501",
node/6872217819,Restaurant Els Casals,"42,0313397","1,9609269",
node/6898449463,null,"41,4333659","0,0215323",
node/6914132390,El Nou Ramonet,"41,3817315","2,1876268",
node/6920233083,Celler del 22,"41,5030041","2,0358008",
node/6920498788,Bar Los Gomez,"41,5017926","2,0376731",
node/6946328085,Cremat 11,"41,3855109","2,1810205",
node/6973926711,Syra Coffee,"41,3965047","2,1941864",
node/6983227455,SNOOKER - Cocteles y Billarea,"41,3921561","2,1703663",
node/7002869606,Chebú,"41,3791162","2,1515085",
node/7003296923,Triple Sec,"41,3747448","2,1609868",
node/7004598841,Orange Coffee,"41,4052864","2,1712189",
node/7005776709,Cafetería Anna Valls,"41,2783203","1,9742387",
node/7008629771,la Giralda,"41,4901768","2,1383377",
node/7014308129,Bar Bodega Lentejil,"41,4429922","2,2175094",
node/7014308131,Bar Las Pakas,"0,4144228","2,2155426",
node/7017780931,Yoüme,"41,3835882","2,1541892",
node/7022490314,null,"41,4996556","2,0350621",
node/7063767268,Alba,"4,1495381","2,1560925",
node/7063767279,Happy Time,"41,4969701","2,1615803",
node/7063767281,Hu,"41,4970967","2,1610908",
node/7091938456,Pecat,"41,3661164","0,2128038",
node/7098025886,El Club del Café,"41,4340729","2,1892624",
node/7099960186,Couleur Café,"4,1387805","2,1781701",
node/7124857728,Cabo,"41,3964797","2,1851438",
node/7124886841,Bar D'Ocata,"41,4799091","2,3191281",
node/7132160620,Santagloria,"41,3863926","2,1243567",
node/7141587085,La Cereria,"41,3815426","2,1767152",
node/7150994121,Vivari,"41,3998419","2,1775677",
node/7163665181,Caffe Di Khalma,"41,5066779","2,1558925",
node/7177389087,Juice Dudes,"4,1391908","2,1865038",
node/7214524502,Estació,"41,5781548","1,6296855",
node/7234692489,Van van var,"41,3942304","2,1901096",
node/7245065063,Café del Casal Català,"41,5334727","1,7704445",
node/7293294979,Burger Mitic,"41,1968266","1,6509201",
node/7296532932,Morelia,"4,1237839","1,8054094",
node/7296670260,Oasis bar,"41,2385127","1,8065384",
node/7318977151,null,"41,3711664","2,1434617",
node/7318977152,Esber 2,"41,3709816","0,2143269",
node/7318977155,Bar Joaquim,"41,3704145","2,1424922",
node/7318977156,Vivari,"41,3686165","2,1410874",
node/7318977159,kebo,"4,1369867","2,1427242",
node/7327013943,Sant Jordi,"41,5636465","2,0027471",
node/7431790448,Santagloria,"41,3896086","2,1200086",
node/7438491414,null,"41,3733479","2,1301506",
node/7489890277,El Sot de la Granota,"41,6827747","2,4844359",
node/7504941029,Iberic Fusión Platja,"41,4380577","2,2431806",
node/7504941031,l'Altre Can Mario's,"41,4405591","2,2418866",
node/7504941033,L'Esmolet,"41,4432993","2,2460741",
node/7504941035,la Masia de la Xesca,"41,4452013","2,2417838",
node/7530273554,Cafe del Candela,"41,5676194","2,0091603",
node/7536467212,Bar Cerveceria Los Escudos,"41,4489917","1,9755722",
node/7536467224,Granier,"41,4490845","1,9680896",
node/7556638089,Alta Galicia,"4,1402507","2,1991803",
node/7556742392,Malhumor,"0,4140441","2,1947619",
node/7556742593,Menjador del Centre,"41,4009756","2,2000272",
node/7563962192,Passeig9,"41,4014488","2,2009478",
node/7567488936,Can Capablanca,"41,5433567","2,1011793",
node/7572073979,Cal Moliné,"41,7279452","1,8380099",
node/7578497085,Casa Pepe,"41,5405513","2,4343848",
node/7600529740,Restaurante La Flama,"41,3514861","2,1114722",
node/7618205068,El Pellizquito,"41,3501292","2,1105817",
node/7618205076,Granja Luna,"41,3500015","0,2110008",
node/7619828485,Chalo,"41,2657941","0,1974968",
node/7640514041,Bar Plaça Carles Buïgas,"41,3711833","2,1510204",
node/7644933199,Almirall,"41,4100171","2,1883052",
node/7660760278,Forn de l'Avi Josep,"41,4470872","1,9744032",
node/7660778088,El Timón,"41,4489247","1,9737093",
node/7671056643,la Parada,"41,4482833","1,9737778",
node/7671056657,Frankfurt Tu i Jo,"41,4512882","1,9713294",
node/7679728299,Big Ben,"4,1445245","1,9793513",
node/7679738129,O'Pote,"41,4500726","1,9746322",
node/7680873748,Ca La Fina,"41,6187692","2,6045543",
node/7686962980,El Cafè del Casino,"41,4492881","1,9722422",
node/7704818536,Pickwick,"4,1375111","2,1337793",
node/7704818539,Bar Granja Rocxi,"41,3744206","2,1339573",
node/7704818548,Cafès Caracas,"41,3748038","2,1328052",
node/7706832792,Cru Sants,"41,3721342","2,1286919",
node/7716513467,Restaurant La Bodega,"41,5402365","2,0756325",
node/7733828167,Cerveceria Marc's,"41,4491488","0,1968026",
node/7733828169,Dtaping,"41,4493693","1,9665036",
node/7733842088,null,"41,4514236","1,9660797",
node/7733842089,null,"41,4518062","1,9656701",
node/7734815985,Aroma de Mar,"41,2653906","1,9556136",
node/7736420790,Mamma Italia,"41,3764642","2,1234304",
node/7757058250,Darek's Bar Tapas,"41,4873423","2,0259596",
node/7772770550,Eqvilibrivm Café,"41,3973065","2,1697662",
node/7838098454,El Caserón,"41,3838275","2,1398498",
node/7847753960,La Daurada,"0,4121013","1,7279216",
node/7862975595,La Lola Pink,"41,4742544","1,9284887",
node/7862975596,Mura,"41,4742431","1,9283681",
node/7866543802,"El Porvenir (El ""Porve"")","41,4743306","1,9293203",
node/7866543804,3 Carabelas,"41,4743306","1,9291913",
node/7873082789,Gonzalez & Co,"4,1388652","0,2162293",
node/7876395095,Churrería La Extremeña,"0,4134825","2,0288462",
node/7880331741,Somiapampes,"41,4687529","2,2814427",
node/7880366530,Casa Paco,"41,4686193","2,2812645",
node/7880371028,Frankfurt,"4,1468884","2,2809245",
node/7880381269,Bodega El Zascandíl,"41,4692822","2,2804062",
node/7911556342,Marina,"41,4635855","2,2719472",
node/7911556343,La Plaça,"41,4635286","2,2718482",
node/7911556344,Can Chimi,"41,4634841","2,2717458",
node/7925586104,Delicream,"41,4572921","2,2290688",
node/7989010587,Castañeiras,"41,4100358","2,1760296",
node/7996813185,Café Lilo,"41,3998061","0,2179381",
node/7999604058,Lilo brunch,"41,3873718","2,1627034",
node/7999616840,Bellillo,"41,3879362","2,1620483",
node/8034999886,Costa Dorada,"41,3980284","2,1986941",
node/8046554489,Sport,"41,4001224","2,2000188",
node/8049731595,Echegaray,"41,4018684","2,2023424",
node/8049732291,Nabibi,"41,4019311","0,0220227",
node/8049732292,Doroteo,"41,4029636","2,2006718",
node/8064873985,Saramar,"41,3957712","2,1953013",
node/8077128420,Tío Bigotes,"41,4013922","2,2028846",
node/8089948746,Platillo's,"4,1449354","1,9726345",