venue_id,venue_name,amenity_type,terrace_status,address,latitude,longitude,is_sunny_now,blocker_building_id,blocker_distance_m,required_height_m,blocker_height_m,sun_elevation_deg,sun_azimuth_deg,cloud_cover,temperature_c,last_updated
relation/18317100,,,,,41.42,2.1188352,1,,,,,36.61694183,115.731019,99.0,18.1,2026-04-09 08:45:32.001000+00:00
node/208984374,Central Rambla,,,,41.3782716,2.1761732,0,35703.0,6.366848409826185,4.731360543676157,23.0,36.61694183,115.731019,99.0,18.1,2026-04-09 08:45:32.001000+00:00
way/217583616,Can Fisher,,,,41.3946034,2.2062292,1,,,,,36.61694183,115.731019,99.0,18.1,2026-04-09 08:45:32.001000+00:00
way/245214117,la Caseta del Migdia,,,,41.3596833,2.1607145,1,,,,,36.61694183,115.731019,99.0,18.1,2026-04-09 08:45:32.001000+00:00
way/246717741,Mirablau,,,,41.4160323,2.1319129,1,,,,,36.61694183,115.731019,99.0,18.1,2026-04-09 08:45:32.001000+00:00
way/249404809,PURO,,,,41.3911248,2.1461635,0,73962.0,6.165550583360981,4.5817712127608266,34.0,36.61694183,115.731019,99.0,18.1,2026-04-09 08:45:32.001000+00:00
way/268912897,Can Cortada,,,,41.4362503,2.1524833,1,,,,,36.61694183,115.731019,99.0,18.1,2026-04-09 08:45:32.001000+00:00
way/315387188,Temple del Metall,,,,41.4741706,2.1662317,1,,,,,36.61694183,115.731019,99.0,18.1,2026-04-09 08:45:32.001000+00:00
way/392926648,Pacha,,,,41.3857491,2.1970415,1,,,,,36.61694183,115.731019,99.0,18.1,2026-04-09 08:45:32.001000+00:00
way/412702054,Camping,,,,41.3953192,2.2042386,1,,,,,36.61694183,115.731019,99.0,18.1,2026-04-09 08:45:32.001000+00:00
way/443599336,Asador Casa Juaco,,,,41.4476663,2.1426909,1,,,,,36.61694183,115.731019,99.0,18.1,2026-04-09 08:45:32.001000+00:00
way/446002194,La Base by Farré,,,,41.3967358,2.2101884,1,,,,,36.61694183,115.731019,99.0,18.1,2026-04-09 08:45:32.001000+00:00
node/476327681,Can Paixano,,,,41.3817618,2.1834151,0,50263.0,9.004751411509357,6.6916506867470185,27.0,36.61694183,115.731019,99.0,18.1,2026-04-09 08:45:32.001000+00:00
node/506202703,Bar Almogávares,,,,41.3962323,2.1890864,0,72472.0,25.34035095753179,18.831033655259485,38.0,36.61694183,115.731019,99.0,18.1,2026-04-09 08:45:32.001000+00:00
way/519771543,Restaurant Can Cases,,,,41.4343885,2.0985276,1,,,,,36.61694183,115.731019,99.0,18.1,2026-04-09 08:45:32.001000+00:00
node/534367691,Sant Bartomeu,,,,41.3755248,2.1346488,1,,,,,36.61694183,115.731019,99.0,18.1,2026-04-09 08:45:32.001000+00:00
node/643022131,Euro Bar-Tapas,,,,41.4342324,2.2161197,1,,,,,36.61694183,115.731019,99.0,18.1,2026-04-09 08:45:32.001000+00:00
node/643429648,Joan Figuera,,,,41.4336545,2.2169391,1,,,,,36.61694183,115.731019,99.0,18.1,2026-04-09 08:45:32.001000+00:00
node/643496696,El rincón de Willy,,,,41.4380246,2.2180623,1,,,,,36.61694183,115.731019,99.0,18.1,2026-04-09 08:45:32.001000+00:00
node/643496704,Bar Somni d'estiu,,,,41.4382361,2.2166687,1,,,,,36.61694183,115.731019,99.0,18.1,2026-04-09 08:45:32.001000+00:00
way/655221168,L'Ovella Negra Marina,,,,41.3960196,2.1901331,1,,,,,36.61694183,115.731019,99.0,18.1,2026-04-09 08:45:32.001000+00:00
node/660004524,Bocatapa Can Manel,,,,41.4413833,2.2212875,1,,,,,36.61694183,115.731019,99.0,18.1,2026-04-09 08:45:32.001000+00:00
node/672140180,Kasparo,,,,41.3844847,2.1690087,0,17576.0,4.289682850595412,3.187768088347729,25.0,36.61694183,115.731019,99.0,18.1,2026-04-09 08:45:32.001000+00:00
node/704031158,Café Zurich,,,,41.3858504,2.1694606,1,,,,,36.61694183,115.731019,99.0,18.1,2026-04-09 08:45:32.001000+00:00
node/704042058,Starbucks,,,,41.3888305,2.1719117,1,,,,,36.61694183,115.731019,99.0,18.1,2026-04-09 08:45:32.001000+00:00
node/704058886,Tapa Tapa,,,,41.3916926,2.1660167,0,2737.0,39.89145357600198,29.644313376158664,38.0,36.61694183,115.731019,99.0,18.1,2026-04-09 08:45:32.001000+00:00
node/704060428,Oassis Natural Cooking,,,,41.3901637,2.1678915,0,72737.0,5.499337110289811,4.08669171074384,35.0,36.61694183,115.731019,99.0,18.1,2026-04-09 08:45:32.001000+00:00
node/704066257,Ciutat Comtal,,,,41.3888272,2.1668833,1,,,,,36.61694183,115.731019,99.0,18.1,2026-04-09 08:45:32.001000+00:00
node/704066614,Taller de Tapas,,,,41.3905645,2.1639038,1,,,,,36.61694183,115.731019,99.0,18.1,2026-04-09 08:45:32.001000+00:00
way/707305723,Bar Frankfurt Cafeteria Fabregada,,,,41.3561748,2.1108239,1,,,,,36.61694183,115.731019,99.0,18.1,2026-04-09 08:45:32.001000+00:00
node/745947750,Bar Geminis,,,,41.3976224,2.1807778,1,,,,,36.61694183,115.731019,99.0,18.1,2026-04-09 08:45:32.001000+00:00
node/765796519,La Cafetera,,,,41.4049767,2.1575215,0,35939.0,2.060968700481662,1.53155617403441,21.0,36.61694183,115.731019,99.0,18.1,2026-04-09 08:45:32.001000+00:00
node/814006271,Les 15 Nits Bar,,,,41.3804529,2.1749778,1,,,,,36.61694183,115.731019,99.0,18.1,2026-04-09 08:45:32.001000+00:00
node/819552792,Bracafe,,,,41.3944249,2.1675209,0,54231.0,35.935673210425655,26.704676378951184,27.0,36.61694183,115.731019,99.0,18.1,2026-04-09 08:45:32.001000+00:00
node/824476551,Caleuche,,,,41.3761526,2.1686172,1,,,,,36.61694183,115.731019,99.0,18.1,2026-04-09 08:45:32.001000+00:00
node/830462039,Bar Restaurant Angela,,,,41.4043015,2.1949428,0,59469.0,27.797242537203992,20.65680978999686,26.0,36.61694183,115.731019,99.0,18.1,2026-04-09 08:45:32.001000+00:00
way/907005766,Chevy's Bar,,,,41.4143731,2.2289499,1,,,,,36.61694183,115.731019,99.0,18.1,2026-04-09 08:45:32.001000+00:00
way/969257968,,,,,41.3793991,2.1073385,1,,,,,36.61694183,115.731019,99.0,18.1,2026-04-09 08:45:32.001000+00:00
way/1063378975,Bar Restaurant Oliver,,,,41.3469215,2.1546999,1,,,,,36.61694183,115.731019,99.0,18.1,2026-04-09 08:45:32.001000+00:00
node/1072798261,Taverna del Bisbe,,,,41.3849254,2.1766628,0,67494.0,28.66941783094426,21.304944550925544,42.0,36.61694183,115.731019,99.0,18.1,2026-04-09 08:45:32.001000+00:00
node/1072800838,El Cafè D'en Victor,,,,41.3847931,2.1767008,0,67494.0,15.93066662902289,11.838467428671677,42.0,36.61694183,115.731019,99.0,18.1,2026-04-09 08:45:32.001000+00:00
node/1083144027,Los Caracoles,,,,41.3796584,2.1765082,0,29849.0,2.671033526899525,1.984910245468462,23.0,36.61694183,115.731019,99.0,18.1,2026-04-09 08:45:32.001000+00:00
node/1092685793,Elche,,,,41.3739754,2.1691488,0,8849.0,5.7534870673770335,4.275556750672174,23.0,36.61694183,115.731019,99.0,18.1,2026-04-09 08:45:32.001000+00:00
way/1112240803,ForumStation,,,,41.4096655,2.2221501,1,,,,,36.61694183,115.731019,99.0,18.1,2026-04-09 08:45:32.001000+00:00
node/1177498341,Casa Vall,,,,41.4074238,2.1585521,0,52303.0,0.48742449892257966,0.362217048966362,23.0,36.61694183,115.731019,99.0,18.1,2026-04-09 08:45:32.001000+00:00
node/1192698924,Bilbao Berria,,,,41.3841976,2.1748665,0,64697.0,75.51962873646339,56.120480444504494,57.0,36.61694183,115.731019,99.0,18.1,2026-04-09 08:45:32.001000+00:00
node/1192699873,Tapas 24,,,,41.3908686,2.1674705,0,23463.0,21.851866018497883,16.238655301743112,35.0,36.61694183,115.731019,99.0,18.1,2026-04-09 08:45:32.001000+00:00
way/1200964257,Chiringuito Joan Miro,,,,41.3789977,2.1478116,1,,,,,36.61694183,115.731019,99.0,18.1,2026-04-09 08:45:32.001000+00:00
node/1264182304,Tosca del Carme,,,,41.3819482,2.1695795,1,,,,,36.61694183,115.731019,99.0,18.1,2026-04-09 08:45:32.001000+00:00
node/1280416455,Carballeira,,,,41.4442679,2.2217701,1,,,,,36.61694183,115.731019,99.0,18.1,2026-04-09 08:45:32.001000+00:00
way/1300745688,La Casona de Sant Just,,,,41.3833348,2.0735139,1,,,,,36.61694183,115.731019,99.0,18.1,2026-04-09 08:45:32.001000+00:00
node/1310450869,El Filete Ruso,,,,41.3925451,2.1558968,1,,,,,36.61694183,115.731019,99.0,18.1,2026-04-09 08:45:32.001000+00:00
node/1312325106,La Palmera,,,,41.4144229,2.1385123,1,,,,,36.61694183,115.731019,99.0,18.1,2026-04-09 08:45:32.001000+00:00
node/1314943380,Mescladís del Pou,,,,41.3870865,2.1803497,0,39086.0,6.734158392515367,5.004317562208566,22.0,36.61694183,115.731019,99.0,18.1,2026-04-09 08:45:32.001000+00:00
node/1335697982,,,,,41.3608771,2.1101417,1,,,,,36.61694183,115.731019,99.0,18.1,2026-04-09 08:45:32.001000+00:00
way/1368167814,Natura Beach. El Chiringuito,,,,41.4028929,2.2157443,1,,,,,36.61694183,115.731019,99.0,18.1,2026-04-09 08:45:32.001000+00:00
node/1420760625,Tapeo,,,,41.4044988,2.1554811,0,37295.0,6.880934120219273,5.113390190002852,14.0,36.61694183,115.731019,99.0,18.1,2026-04-09 08:45:32.001000+00:00
node/1420760630,Diamant,,,,41.4042174,2.1555899,1,,,,,36.61694183,115.731019,99.0,18.1,2026-04-09 08:45:32.001000+00:00
node/1428867664,Café Berlin,,,,41.3943566,2.1494599,1,,,,,36.61694183,115.731019,99.0,18.1,2026-04-09 08:45:32.001000+00:00
node/1430537485,Oasis Restaurant,,,,41.3827219,2.1847191,1,,,,,36.61694183,115.731019,99.0,18.1,2026-04-09 08:45:32.001000+00:00
node/1445598557,Bracafe,,,,41.3948025,2.1817533,1,,,,,36.61694183,115.731019,99.0,18.1,2026-04-09 08:45:32.001000+00:00
node/1554649942,Torrades,,,,41.4375721,2.1566095,0,26695.0,11.458846562453632,8.515348727002655,24.0,36.61694183,115.731019,99.0,18.1,2026-04-09 08:45:32.001000+00:00
node/1554649988,La Panera,,,,41.4374756,2.1563359,0,38740.0,0.16042262619965758,0.11921397134923933,24.0,36.61694183,115.731019,99.0,18.1,2026-04-09 08:45:32.001000+00:00
node/1658425572,Rebeka,,,,41.3967185,2.1890325,1,,,,,36.61694183,115.731019,99.0,18.1,2026-04-09 08:45:32.001000+00:00
node/1685949861,Cerveceria Milenium 2,,,,41.3534566,2.0866307,1,,,,,36.61694183,115.731019,99.0,18.1,2026-04-09 08:45:32.001000+00:00
node/1711342192,Calero's Centre,,,,41.3744728,2.1349721,0,20294.0,13.226707811615343,9.82908959572959,25.0,36.61694183,115.731019,99.0,18.1,2026-04-09 08:45:32.001000+00:00
node/1722136431,Cervecería Catalana,,,,41.3924032,2.1609008,0,56981.0,3.8814549148680495,2.884403939619781,38.0,36.61694183,115.731019,99.0,18.1,2026-04-09 08:45:32.001000+00:00
node/1739122591,La Tagliatella,,,,41.3943371,2.1521208,0,14518.0,14.990815556867949,11.140041144034091,39.0,36.61694183,115.731019,99.0,18.1,2026-04-09 08:45:32.001000+00:00
node/1813593370,Bar Capricornio,,,,41.4381257,2.2179547,1,,,,,36.61694183,115.731019,99.0,18.1,2026-04-09 08:45:32.001000+00:00
node/1820633320,CASA TEVA,,,,41.3752815,2.1166845,1,,,,,36.61694183,115.731019,99.0,18.1,2026-04-09 08:45:32.001000+00:00
node/1824133931,Carmesí,,,,41.3737373,2.1644452,1,,,,,36.61694183,115.731019,99.0,18.1,2026-04-09 08:45:32.001000+00:00
node/1948986220,Cafeteria UPF Jaume I,,,,41.3900298,2.1901118,0,61244.0,16.702842104264345,12.41228988229148,20.0,36.61694183,115.731019,99.0,18.1,2026-04-09 08:45:32.001000+00:00
node/1948987514,Cafeteria UPF Roger de Lluria,,,,41.3886776,2.1915119,1,,,,,36.61694183,115.731019,99.0,18.1,2026-04-09 08:45:32.001000+00:00
node/1951812612,Casa Pagès,,,,41.3998447,2.1613114,0,49453.0,9.195373383873477,6.8333065297555295,23.0,36.61694183,115.731019,99.0,18.1,2026-04-09 08:45:32.001000+00:00
node/1960366982,Casa Amalia,,,,41.3962525,2.1685646,0,20353.0,5.4784797678673,4.071192110214398,26.0,36.61694183,115.731019,99.0,18.1,2026-04-09 08:45:32.001000+00:00
node/1984001407,Bar de la FIB,,,,41.3894239,2.1132363,0,31570.0,0.7248359717453728,0.5386433124527379,20.0,36.61694183,115.731019,99.0,18.1,2026-04-09 08:45:32.001000+00:00
node/2034780565,Cerbeseria Lesseps,,,,41.4073551,2.1514486,0,19291.0,21.443249035960736,15.935002042829565,21.0,36.61694183,115.731019,99.0,18.1,2026-04-09 08:45:32.001000+00:00
node/2034780569,L'Brasseria,,,,41.4067629,2.1516314,1,,,,,36.61694183,115.731019,99.0,18.1,2026-04-09 08:45:32.001000+00:00
node/2056517879,Caelum,,,,41.3830524,2.1744369,0,75787.0,7.503132877837149,5.5757612820449065,20.0,36.61694183,115.731019,99.0,18.1,2026-04-09 08:45:32.001000+00:00
node/2065469522,Restaurant Pipa,,,,41.3997461,2.2003004,1,,,,,36.61694183,115.731019,99.0,18.1,2026-04-09 08:45:32.001000+00:00
node/2087204991,La Sanguchería,,,,41.3954987,2.1484037,0,15505.0,21.219020247219035,15.768372153829624,30.0,36.61694183,115.731019,99.0,18.1,2026-04-09 08:45:32.001000+00:00
node/2091604731,Tapa Tapa,,,,41.3762094,2.1500463,1,,,,,36.61694183,115.731019,99.0,18.1,2026-04-09 08:45:32.001000+00:00
node/2112843062,El Vaixell-2,,,,41.4541291,2.2350201,1,,,,,36.61694183,115.731019,99.0,18.1,2026-04-09 08:45:32.001000+00:00
node/2165154147,Asador de Lugo,,,,41.3797623,2.1376748,0,76135.0,4.952016842815622,3.6799646534001966,16.0,36.61694183,115.731019,99.0,18.1,2026-04-09 08:45:32.001000+00:00
node/2184580476,Bar del Pi,,,,41.3824922,2.1739624,1,,,,,36.61694183,115.731019,99.0,18.1,2026-04-09 08:45:32.001000+00:00
node/2187210264,Sopa,,,,41.4023416,2.1952788,1,,,,,36.61694183,115.731019,99.0,18.1,2026-04-09 08:45:32.001000+00:00
node/2197824500,Tierra del fuego,,,,41.4016702,2.2016399,0,62203.0,1.8296963986071164,1.3596920784097022,18.0,36.61694183,115.731019,99.0,18.1,2026-04-09 08:45:32.001000+00:00
node/2213839299,Pollo Rico,,,,41.3791045,2.1721976,0,33950.0,13.264732162929052,9.857346419816514,20.0,36.61694183,115.731019,99.0,18.1,2026-04-09 08:45:32.001000+00:00
node/2364075421,Chen-Ji,,,,41.3936143,2.1807074,0,63091.0,21.2203358648507,15.769349821421555,35.0,36.61694183,115.731019,99.0,18.1,2026-04-09 08:45:32.001000+00:00
node/2434563732,La Bella Napoli,,,,41.3743686,2.1637621,0,23564.0,11.442144403946482,8.502936945118075,22.0,36.61694183,115.731019,99.0,18.1,2026-04-09 08:45:32.001000+00:00
node/2442785485,El Círcol,,,,41.4501968,2.2474223,1,,,,,36.61694183,115.731019,99.0,18.1,2026-04-09 08:45:32.001000+00:00
node/2468197823,365 Cafeteria Forn de Pa,,,,41.3752071,2.1635151,0,13473.0,9.43877680722567,7.01418555801493,35.0,36.61694183,115.731019,99.0,18.1,2026-04-09 08:45:32.001000+00:00
node/2476332030,Bar Lennon,,,,41.4028901,2.1612576,1,,,,,36.61694183,115.731019,99.0,18.1,2026-04-09 08:45:32.001000+00:00
node/2500906795,Bar Lúdic Queimada Nivell Q,,,,41.4094152,2.1808913,1,,,,,36.61694183,115.731019,99.0,18.1,2026-04-09 08:45:32.001000+00:00
node/2598482930,Con Gracia,,,,41.3990704,2.1600617,0,72707.0,3.3245865096270815,2.47058142791828,22.0,36.61694183,115.731019,99.0,18.1,2026-04-09 08:45:32.001000+00:00
node/2609183969,Fukuoka,,,,41.4022587,2.1612976,1,,,,,36.61694183,115.731019,99.0,18.1,2026-04-09 08:45:32.001000+00:00
node/2610750687,Xiringuito Aigua,,,,41.4096717,2.1683236,1,,,,,36.61694183,115.731019,99.0,18.1,2026-04-09 08:45:32.001000+00:00
node/2618447074,Vegetalia,,,,41.3803973,2.1776952,0,18146.0,14.222463059702926,10.569059638787152,24.0,36.61694183,115.731019,99.0,18.1,2026-04-09 08:45:32.001000+00:00
node/2618538581,Veggie Garden,,,,41.3822767,2.1680336,1,,,,,36.61694183,115.731019,99.0,18.1,2026-04-09 08:45:32.001000+00:00
node/2618538595,Biocenter,,,,41.3825765,2.1694364,0,17486.0,6.304386088790308,4.684943267467809,23.0,36.61694183,115.731019,99.0,18.1,2026-04-09 08:45:32.001000+00:00
node/2684052224,Pai Mei,,,,41.4051863,2.1931071,1,,,,,36.61694183,115.731019,99.0,18.1,2026-04-09 08:45:32.001000+00:00
node/2687089274,Dolça Estona,,,,41.4117096,2.1394938,0,2736.0,11.380225742672133,8.456923675755704,26.0,36.61694183,115.731019,99.0,18.1,2026-04-09 08:45:32.001000+00:00
node/2689736934,Bar Bodega Molina,,,,41.4403298,2.1817019,0,55149.0,23.75765117353721,17.65489079328719,29.0,36.61694183,115.731019,99.0,18.1,2026-04-09 08:45:32.001000+00:00
node/2721077740,Bar Veni,,,,41.3848861,2.1667078,0,76841.0,5.326354381856772,3.95814402068381,23.0,36.61694183,115.731019,99.0,18.1,2026-04-09 08:45:32.001000+00:00
node/2727449418,Las Euras,,,,41.3998785,2.1577187,0,26006.0,9.780169869932012,7.26788308036848,26.0,36.61694183,115.731019,99.0,18.1,2026-04-09 08:45:32.001000+00:00
node/2793491051,La bona tapa,,,,41.4368098,2.2166172,1,,,,,36.61694183,115.731019,99.0,18.1,2026-04-09 08:45:32.001000+00:00
node/2892028393,Kino,,,,41.3825992,2.1665452,0,54252.0,3.630821126002953,2.6981518501687067,34.0,36.61694183,115.731019,99.0,18.1,2026-04-09 08:45:32.001000+00:00
node/2892037115,23 Robadors,,,,41.3796029,2.1708903,0,67525.0,1.8931645591729085,1.4068568185372106,21.0,36.61694183,115.731019,99.0,18.1,2026-04-09 08:45:32.001000+00:00
node/2910255826,Shôko,,,,41.3854991,2.1969746,1,,,,,36.61694183,115.731019,99.0,18.1,2026-04-09 08:45:32.001000+00:00
node/2910255827,Opium,,,,41.3852778,2.1967099,1,,,,,36.61694183,115.731019,99.0,18.1,2026-04-09 08:45:32.001000+00:00
node/2927944587,Tapas Tapas!,,,,41.3745104,2.1829399,1,,,,,36.61694183,115.731019,99.0,18.1,2026-04-09 08:45:32.001000+00:00
node/2951499208,El racó d'en Henry,,,,41.4394757,2.2215013,1,,,,,36.61694183,115.731019,99.0,18.1,2026-04-09 08:45:32.001000+00:00
node/2966340931,El Capritx,,,,41.4022886,2.1998883,0,33817.0,1.1320356493023864,0.8412433374223137,22.0,36.61694183,115.731019,99.0,18.1,2026-04-09 08:45:32.001000+00:00
node/2968119440,Can Tresó,,,,41.4028999,2.1537483,0,63645.0,31.541918660684804,23.439570069343134,24.0,36.61694183,115.731019,99.0,18.1,2026-04-09 08:45:32.001000+00:00
node/2969276727,La Sirena Verde,,,,41.4027605,2.1657128,0,50995.0,16.81971570441044,12.499141508831734,34.0,36.61694183,115.731019,99.0,18.1,2026-04-09 08:45:32.001000+00:00
node/2969277275,Café de l'Eixample,,,,41.4005021,2.1690108,0,52321.0,17.588499795399624,13.070443741989733,32.0,36.61694183,115.731019,99.0,18.1,2026-04-09 08:45:32.001000+00:00
node/2970751844,Taverna El Disbarat,,,,41.4017728,2.1545227,0,28492.0,7.897828297481032,5.869069087581893,23.0,36.61694183,115.731019,99.0,18.1,2026-04-09 08:45:32.001000+00:00
node/3007755352,La Pausa,,,,41.4071883,2.1557816,0,34767.0,6.784028562865843,5.041377303718745,16.0,36.61694183,115.731019,99.0,18.1,2026-04-09 08:45:32.001000+00:00
node/3007803307,Oh La Lá,,,,41.4460123,2.2485803,1,,,,,36.61694183,115.731019,99.0,18.1,2026-04-09 08:45:32.001000+00:00
node/3048077142,L'Aliança del Poblenou,,,,41.3997067,2.2032276,0,58935.0,10.320006711629889,7.669049021258506,25.0,36.61694183,115.731019,99.0,18.1,2026-04-09 08:45:32.001000+00:00
node/3049368344,Clot76,,,,41.4082815,2.1885259,0,46720.0,19.62053300982693,14.580497249678515,17.0,36.61694183,115.731019,99.0,18.1,2026-04-09 08:45:32.001000+00:00
node/3084370508,Marina Bay By Moncho's,,,,41.3863077,2.1975017,1,,,,,36.61694183,115.731019,99.0,18.1,2026-04-09 08:45:32.001000+00:00
node/3084507933,Caravelle,,,,41.3822872,2.1688475,0,38996.0,12.358476046626908,9.183885367324734,23.0,36.61694183,115.731019,99.0,18.1,2026-04-09 08:45:32.001000+00:00
node/3120072573,Bar Restaurant Nàutic,,,,41.3806088,2.1408397,1,,,,,36.61694183,115.731019,99.0,18.1,2026-04-09 08:45:32.001000+00:00
node/3177990194,Mezcal Taco Bar,,,,41.3830563,2.1554872,0,5652.0,11.981230550032866,8.903545025765808,36.0,36.61694183,115.731019,99.0,18.1,2026-04-09 08:45:32.001000+00:00
node/3270120640,Luigi,,,,41.3862659,2.1753788,1,,,,,36.61694183,115.731019,99.0,18.1,2026-04-09 08:45:32.001000+00:00
node/3271554311,Al Sultán,,,,41.4035661,2.1554863,0,64694.0,2.7946298315893956,2.0767576779361994,15.0,36.61694183,115.731019,99.0,18.1,2026-04-09 08:45:32.001000+00:00
node/3328694987,Nou Candanchú,,,,41.4005128,2.1576475,0,25001.0,6.318830508433974,4.695677268464734,24.0,36.61694183,115.731019,99.0,18.1,2026-04-09 08:45:32.001000+00:00
node/3339670930,Bahia,,,,41.3803265,2.1774842,0,48816.0,4.149285219656628,3.0834351800246447,23.0,36.61694183,115.731019,99.0,18.1,2026-04-09 08:45:32.001000+00:00
node/3441700493,Santos Tapas,,,,41.3818417,2.1745121,0,16077.0,5.155731725432626,3.831350157770957,24.0,36.61694183,115.731019,99.0,18.1,2026-04-09 08:45:32.001000+00:00
node/3491476947,Bar del Pla,,,,41.3856036,2.1800221,0,63717.0,2.174253838609604,1.6157411268120248,20.0,36.61694183,115.731019,99.0,18.1,2026-04-09 08:45:32.001000+00:00
node/3496970198,Centre Cívic Can Deu,,,,41.3869027,2.1327794,1,,,,,36.61694183,115.731019,99.0,18.1,2026-04-09 08:45:32.001000+00:00
node/3504769719,El Rincón,,,,41.3908977,2.1900669,0,67907.0,20.793179826336925,15.451919737253387,25.0,36.61694183,115.731019,99.0,18.1,2026-04-09 08:45:32.001000+00:00
node/3517276245,Bar Canigó,,,,41.4029724,2.1579186,0,66111.0,11.462695309762191,8.518208825121246,14.0,36.61694183,115.731019,99.0,18.1,2026-04-09 08:45:32.001000+00:00
node/3522552400,Àpat's,,,,41.3757617,2.1419109,0,36399.0,18.33613205133792,13.626027529954087,17.0,36.61694183,115.731019,99.0,18.1,2026-04-09 08:45:32.001000+00:00
node/3548547194,El Bon Menjador - 2,,,,41.4388101,2.2172863,1,,,,,36.61694183,115.731019,99.0,18.1,2026-04-09 08:45:32.001000+00:00
node/3548548998,Bar Morales,,,,41.4395878,2.2165237,1,,,,,36.61694183,115.731019,99.0,18.1,2026-04-09 08:45:32.001000+00:00
node/3548613495,Bar Paula's Tapería,,,,41.4385437,2.2175484,1,,,,,36.61694183,115.731019,99.0,18.1,2026-04-09 08:45:32.001000+00:00
node/3556089494,Delicias Mediterráneas,,,,41.4415079,2.2267435,1,,,,,36.61694183,115.731019,99.0,18.1,2026-04-09 08:45:32.001000+00:00
node/3556089497,Xurreria Rodríguez,,,,41.4416928,2.2264651,1,,,,,36.61694183,115.731019,99.0,18.1,2026-04-09 08:45:32.001000+00:00
node/3556089803,Bar de La Salut,,,,41.4422594,2.2258792,1,,,,,36.61694183,115.731019,99.0,18.1,2026-04-09 08:45:32.001000+00:00
node/3560942698,Sandvitxeria Alhociema,,,,41.4443624,2.2236761,1,,,,,36.61694183,115.731019,99.0,18.1,2026-04-09 08:45:32.001000+00:00
node/3560955995,Centro Cultural Castellano-manchego,,,,41.4390698,2.2176297,1,,,,,36.61694183,115.731019,99.0,18.1,2026-04-09 08:45:32.001000+00:00
node/3595399490,Bar Familiar,,,,41.4359163,2.2182018,1,,,,,36.61694183,115.731019,99.0,18.1,2026-04-09 08:45:32.001000+00:00
node/3595399769,La granja de Casablanca,,,,41.4357671,2.2189395,1,,,,,36.61694183,115.731019,99.0,18.1,2026-04-09 08:45:32.001000+00:00
node/3595401238,Bar Alcázar,,,,41.4365542,2.2183742,1,,,,,36.61694183,115.731019,99.0,18.1,2026-04-09 08:45:32.001000+00:00
node/3596986411,Agrupación Cultural Galega Agarimos,,,,41.4358268,2.2165495,1,,,,,36.61694183,115.731019,99.0,18.1,2026-04-09 08:45:32.001000+00:00
node/3612059306,Nabuco Tiramisú,,,,41.4004523,2.1577244,0,64498.0,5.878008135416769,4.3680913973696445,24.0,36.61694183,115.731019,99.0,18.1,2026-04-09 08:45:32.001000+00:00
node/3620986554,Yamane,,,,41.3868061,2.1808426,0,41842.0,2.6507966935746246,1.9698717604034472,23.0,36.61694183,115.731019,99.0,18.1,2026-04-09 08:45:32.001000+00:00
node/3620991692,Yamaneko-ryouri,,,,41.4016619,2.1447787,1,,,,,36.61694183,115.731019,99.0,18.1,2026-04-09 08:45:32.001000+00:00
node/3624045193,Bar-Granja Maribel,,,,41.4399092,2.2235793,1,,,,,36.61694183,115.731019,99.0,18.1,2026-04-09 08:45:32.001000+00:00
node/3624045293,Bar La Cantonada,,,,41.4396227,2.2242325,1,,,,,36.61694183,115.731019,99.0,18.1,2026-04-09 08:45:32.001000+00:00
node/3713349650,Groin's,,,,41.4108415,2.1637178,0,9976.0,0.02798979484180764,0.020799900110034884,34.0,36.61694183,115.731019,99.0,18.1,2026-04-09 08:45:32.001000+00:00
node/3718061014,Bar Calders,,,,41.3764788,2.1623937,0,53401.0,23.440538292685456,17.41923646703719,22.0,36.61694183,115.731019,99.0,18.1,2026-04-09 08:45:32.001000+00:00
node/3730796125,Buenas Migas,,,,41.3975542,2.1587856,0,783.0,18.752459498381455,13.935410623346282,35.0,36.61694183,115.731019,99.0,18.1,2026-04-09 08:45:32.001000+00:00
node/3761312382,La Fonda,,,,41.3793598,2.1762144,0,41373.0,7.451919771295175,5.537703571853815,27.0,36.61694183,115.731019,99.0,18.1,2026-04-09 08:45:32.001000+00:00
node/3777075876,Oaxaca,,,,41.3821041,2.1838988,1,,,,,36.61694183,115.731019,99.0,18.1,2026-04-09 08:45:32.001000+00:00
node/3779149860,EsPan's,,,,41.4349094,2.2194667,1,,,,,36.61694183,115.731019,99.0,18.1,2026-04-09 08:45:32.001000+00:00
node/3794002044,Samurai Ramen,,,,41.3736753,2.1548947,0,55646.0,27.84420083195575,20.691705645636187,25.0,36.61694183,115.731019,99.0,18.1,2026-04-09 08:45:32.001000+00:00
node/3804046057,Robata Sushi & Grill,,,,41.3904886,2.1585836,0,3151.0,5.3264956915489785,3.9582490313671355,31.0,36.61694183,115.731019,99.0,18.1,2026-04-09 08:45:32.001000+00:00
node/3809169458,Freiduría El Boquerón,,,,41.4400822,2.2264769,1,,,,,36.61694183,115.731019,99.0,18.1,2026-04-09 08:45:32.001000+00:00
node/3809169459,Marisquería Melchor,,,,41.4401715,2.2266602,1,,,,,36.61694183,115.731019,99.0,18.1,2026-04-09 08:45:32.001000+00:00
node/3809169461,Elhotro bar,,,,41.4401247,2.2268506,1,,,,,36.61694183,115.731019,99.0,18.1,2026-04-09 08:45:32.001000+00:00
node/3809169658,Carte d'Or,,,,41.4403068,2.2274065,1,,,,,36.61694183,115.731019,99.0,18.1,2026-04-09 08:45:32.001000+00:00
node/3809169668,Vivari,,,,41.4408122,2.2271125,1,,,,,36.61694183,115.731019,99.0,18.1,2026-04-09 08:45:32.001000+00:00
node/3809169669,Pantaiberic delicatessen,,,,41.4408174,2.2269502,1,,,,,36.61694183,115.731019,99.0,18.1,2026-04-09 08:45:32.001000+00:00
node/3840009426,La Esquinica,,,,41.4304816,2.1712169,1,,,,,36.61694183,115.731019,99.0,18.1,2026-04-09 08:45:32.001000+00:00
node/3874539219,Café del Centre,,,,41.3946111,2.1712059,0,38663.0,0.6223347803983477,0.46247217389215217,26.0,36.61694183,115.731019,99.0,18.1,2026-04-09 08:45:32.001000+00:00
node/3890922254,Characato,,,,41.4046885,2.1836218,1,,,,,36.61694183,115.731019,99.0,18.1,2026-04-09 08:45:32.001000+00:00
node/3901403358,Les Dues Sicilies,,,,41.3866097,2.1802613,0,17103.0,18.093795998632316,13.445941690889352,21.0,36.61694183,115.731019,99.0,18.1,2026-04-09 08:45:32.001000+00:00
node/3955968257,El racó de les Glòries,,,,41.3986109,2.1978895,0,14185.0,1.8478858849191733,1.3732091299094336,18.0,36.61694183,115.731019,99.0,18.1,2026-04-09 08:45:32.001000+00:00
node/4060217594,Matt & Marshall,,,,41.3993348,2.1997769,0,30354.0,21.98559841425976,16.338035111028738,21.0,36.61694183,115.731019,99.0,18.1,2026-04-09 08:45:32.001000+00:00
node/4073605889,Mariscco,,,,41.3804885,2.1753271,0,19226.0,8.220606893121278,6.108933744858562,24.0,36.61694183,115.731019,99.0,18.1,2026-04-09 08:45:32.001000+00:00
node/4126257971,Xixbar,,,,41.3758485,2.1576176,0,70981.0,5.847909148678205,4.345724105250723,23.0,36.61694183,115.731019,99.0,18.1,2026-04-09 08:45:32.001000+00:00
node/4127494769,Vapiano,,,,41.3788941,2.1758361,0,2422.0,9.345040216504653,6.944527608227455,34.0,36.61694183,115.731019,99.0,18.1,2026-04-09 08:45:32.001000+00:00
node/4138815989,Nømad Cøffee,,,,41.3889108,2.1771731,0,76415.0,6.864328096986179,5.101049848588226,24.0,36.61694183,115.731019,99.0,18.1,2026-04-09 08:45:32.001000+00:00
node/4150499794,El 68,,,,41.4023622,2.1612062,1,,,,,36.61694183,115.731019,99.0,18.1,2026-04-09 08:45:32.001000+00:00
node/4166496789,Bar Thonet Grill Room,,,,41.3792408,2.1761073,0,52557.0,23.5675761094621,17.513641371184764,25.0,36.61694183,115.731019,99.0,18.1,2026-04-09 08:45:32.001000+00:00
node/4168100800,Cervecería Frankfurt Europa,,,,41.4396191,2.2191504,1,,,,,36.61694183,115.731019,99.0,18.1,2026-04-09 08:45:32.001000+00:00
node/4225209596,Bar El Velodromo,,,,41.3934442,2.1501395,0,63048.0,6.732310844426778,5.00294460410336,29.0,36.61694183,115.731019,99.0,18.1,2026-04-09 08:45:32.001000+00:00
node/4225810298,Bar Nolla,,,,41.3905504,2.1647825,0,29830.0,21.83256649379445,16.224313353605538,31.0,36.61694183,115.731019,99.0,18.1,2026-04-09 08:45:32.001000+00:00
node/4233959493,Pastisseria Granja,,,,41.3795042,2.1792309,0,34583.0,13.44371472424341,9.990352732217781,44.0,36.61694183,115.731019,99.0,18.1,2026-04-09 08:45:32.001000+00:00
node/4239222689,Rekons,,,,41.3806195,2.1610796,0,19652.0,25.56031376132437,18.994493386660412,34.0,36.61694183,115.731019,99.0,18.1,2026-04-09 08:45:32.001000+00:00
node/4244877765,Bar La Peña,,,,41.4404265,2.2170329,1,,,,,36.61694183,115.731019,99.0,18.1,2026-04-09 08:45:32.001000+00:00
node/4247196393,cal mariner,,,,41.3791754,2.1898206,0,20760.0,4.274244452042858,3.1762954373487875,25.0,36.61694183,115.731019,99.0,18.1,2026-04-09 08:45:32.001000+00:00
node/4253851490,El Trencadís,,,,41.3937976,2.1655309,1,,,,,36.61694183,115.731019,99.0,18.1,2026-04-09 08:45:32.001000+00:00
node/4253862889,Hummus,,,,41.3912547,2.1611975,0,16239.0,22.921636094875968,17.03362757128375,29.0,36.61694183,115.731019,99.0,18.1,2026-04-09 08:45:32.001000+00:00
node/4254090289,La tasqueta de Blai,,,,41.3733347,2.1652358,0,72634.0,11.09714688620677,8.2465608642017,25.0,36.61694183,115.731019,99.0,18.1,2026-04-09 08:45:32.001000+00:00
node/4254094290,Rosa Negra,,,,41.3819164,2.1687596,0,41560.0,11.679606458619359,8.67940079721255,24.0,36.61694183,115.731019,99.0,18.1,2026-04-09 08:45:32.001000+00:00
node/4254704967,Firebug Brunch,,,,41.3927459,2.1778691,0,24040.0,3.682866608610003,2.736828119341935,27.0,36.61694183,115.731019,99.0,18.1,2026-04-09 08:45:32.001000+00:00
node/4254996890,La Macchina,,,,41.4030005,2.1535966,0,44704.0,10.9764713007394,8.156883889517623,22.0,36.61694183,115.731019,99.0,18.1,2026-04-09 08:45:32.001000+00:00
node/4267035492,Kebabish,,,,41.4409198,2.2217884,1,,,,,36.61694183,115.731019,99.0,18.1,2026-04-09 08:45:32.001000+00:00
node/4267055591,La cantina del tapeo,,,,41.4420999,2.2200224,1,,,,,36.61694183,115.731019,99.0,18.1,2026-04-09 08:45:32.001000+00:00
node/4278033120,Buenas Migas,,,,41.3838044,2.1696233,0,10017.0,28.868923884281916,21.453202371471345,39.0,36.61694183,115.731019,99.0,18.1,2026-04-09 08:45:32.001000+00:00
node/4283188047,Granja Romaní,,,,41.4348618,2.2179712,1,,,,,36.61694183,115.731019,99.0,18.1,2026-04-09 08:45:32.001000+00:00
node/4283194434,Bar La Paradeta,,,,41.4337773,2.2167771,1,,,,,36.61694183,115.731019,99.0,18.1,2026-04-09 08:45:32.001000+00:00
node/4291934189,Fonda Espanya,,,,41.3799009,2.1728032,1,,,,,36.61694183,115.731019,99.0,18.1,2026-04-09 08:45:32.001000+00:00
node/4306440989,Blai 9,,,,41.3730722,2.1658539,0,36674.0,18.52768449293116,13.768374827370554,26.0,36.61694183,115.731019,99.0,18.1,2026-04-09 08:45:32.001000+00:00
node/4314857689,El punt,,,,41.4413807,2.2316251,1,,,,,36.61694183,115.731019,99.0,18.1,2026-04-09 08:45:32.001000+00:00
node/4314859689,Versace,,,,41.4337089,2.2172203,1,,,,,36.61694183,115.731019,99.0,18.1,2026-04-09 08:45:32.001000+00:00
node/4315715092,Petit Comitè,,,,41.3943551,2.1600308,0,29247.0,17.201000942558746,12.782483880997667,32.0,36.61694183,115.731019,99.0,18.1,2026-04-09 08:45:32.001000+00:00
node/4321183403,Brunch & Cake,,,,41.3882834,2.1615596,1,,,,,36.61694183,115.731019,99.0,18.1,2026-04-09 08:45:32.001000+00:00
node/4336933393,Mayura,,,,41.3938992,2.1720914,1,,,,,36.61694183,115.731019,99.0,18.1,2026-04-09 08:45:32.001000+00:00
node/4340119890,VIENA,,,,41.3579934,2.1293918,1,,,,,36.61694183,115.731019,99.0,18.1,2026-04-09 08:45:32.001000+00:00
node/4349925690,Nemrut,,,,41.3810051,2.1772158,0,74418.0,20.706898901787753,15.387802275079508,26.0,36.61694183,115.731019,99.0,18.1,2026-04-09 08:45:32.001000+00:00
node/4350019284,Palosanto,,,,41.3808122,2.1772701,0,35113.0,14.953213320361588,11.112098003769342,23.0,36.61694183,115.731019,99.0,18.1,2026-04-09 08:45:32.001000+00:00
node/4364289794,Faborit Casa Amatller,,,,41.3915836,2.1650592,1,,,,,36.61694183,115.731019,99.0,18.1,2026-04-09 08:45:32.001000+00:00
node/4386702690,Red Ant Noodle Bar,,,,41.3880129,2.1810961,0,51100.0,0.6111066940988256,0.4541283087521307,24.0,36.61694183,115.731019,99.0,18.1,2026-04-09 08:45:32.001000+00:00
node/4396244190,Fresc Co,,,,41.3891657,2.1969678,1,,,,,36.61694183,115.731019,99.0,18.1,2026-04-09 08:45:32.001000+00:00
node/4401234193,BlackLab Brewhouse & Kitchen,,,,41.3812305,2.1854573,1,,,,,36.61694183,115.731019,99.0,18.1,2026-04-09 08:45:32.001000+00:00
node/4431102493,Forn Puiggròs,,,,41.4102615,2.1741597,0,24656.0,30.2996153659998,22.516384151695068,33.0,36.61694183,115.731019,99.0,18.1,2026-04-09 08:45:32.001000+00:00
node/4439412389,La Vinya del Senyor,,,,41.3832546,2.1818655,0,47153.0,4.863050657408134,3.613851708303415,22.0,36.61694183,115.731019,99.0,18.1,2026-04-09 08:45:32.001000+00:00
node/4440352791,La Gavina,,,,41.3807532,2.1853211,1,,,,,36.61694183,115.731019,99.0,18.1,2026-04-09 08:45:32.001000+00:00
node/4443367289,Pannus,,,,41.3863691,2.1726728,0,25926.0,11.000046552230527,8.17440323465237,24.0,36.61694183,115.731019,99.0,18.1,2026-04-09 08:45:32.001000+00:00
node/4449185678,Il Caffè di Francesco,,,,41.3908733,2.1652201,0,17134.0,21.026047785257788,15.62496960459814,32.0,36.61694183,115.731019,99.0,18.1,2026-04-09 08:45:32.001000+00:00
node/4451904190,Bar Granadino,,,,41.4404153,2.2238276,1,,,,,36.61694183,115.731019,99.0,18.1,2026-04-09 08:45:32.001000+00:00
node/4451904193,La ciudad de oro,,,,41.4408727,2.2240695,1,,,,,36.61694183,115.731019,99.0,18.1,2026-04-09 08:45:32.001000+00:00
node/4451986792,Cafe Bar Florida,,,,41.4403503,2.2236929,1,,,,,36.61694183,115.731019,99.0,18.1,2026-04-09 08:45:32.001000+00:00
node/4451986793,Bar Amigo,,,,41.4411469,2.2238965,1,,,,,36.61694183,115.731019,99.0,18.1,2026-04-09 08:45:32.001000+00:00
node/4451988991,Bar Frankfurt Jaime,,,,41.4408051,2.2241201,1,,,,,36.61694183,115.731019,99.0,18.1,2026-04-09 08:45:32.001000+00:00
node/4451989090,Entre tapes,,,,41.4423118,2.2237245,1,,,,,36.61694183,115.731019,99.0,18.1,2026-04-09 08:45:32.001000+00:00
node/4451992791,Bar Leo,,,,41.4406309,2.2245529,1,,,,,36.61694183,115.731019,99.0,18.1,2026-04-09 08:45:32.001000+00:00
node/4452031691,Bar La Granja,,,,41.4427953,2.2241899,1,,,,,36.61694183,115.731019,99.0,18.1,2026-04-09 08:45:32.001000+00:00
node/4455238130,Anahuac,,,,41.3965161,2.1513989,0,8354.0,9.49438839348122,7.055511885900273,36.0,36.61694183,115.731019,99.0,18.1,2026-04-09 08:45:32.001000+00:00
node/4461595656,Cafeteria de la Biblioteca Jaumer Fuster,,,,41.4075557,2.1493457,1,,,,,36.61694183,115.731019,99.0,18.1,2026-04-09 08:45:32.001000+00:00
node/4470059420,Mesón Gallego,,,,41.3818896,2.0709288,1,,,,,36.61694183,115.731019,99.0,18.1,2026-04-09 08:45:32.001000+00:00
node/4486639527,Boldú,,,,41.3973783,2.1517865,1,,,,,36.61694183,115.731019,99.0,18.1,2026-04-09 08:45:32.001000+00:00
node/4486683966,La Tagliatella,,,,41.3974141,2.1514101,0,68214.0,21.668511733723328,16.10240025487292,37.0,36.61694183,115.731019,99.0,18.1,2026-04-09 08:45:32.001000+00:00
node/4503193765,Bicioci,,,,41.3999229,2.1619101,0,36961.0,9.297939149667506,6.909525655164712,20.0,36.61694183,115.731019,99.0,18.1,2026-04-09 08:45:32.001000+00:00
node/4509411660,Bar Mediterráneo,,,,41.4343007,2.2180868,1,,,,,36.61694183,115.731019,99.0,18.1,2026-04-09 08:45:32.001000+00:00
node/4516538193,Más Que Sushi,,,,41.3774227,2.1527247,0,59397.0,0.10199128150893322,0.07579221210694854,30.0,36.61694183,115.731019,99.0,18.1,2026-04-09 08:45:32.001000+00:00
node/4516600994,Salambó,,,,41.4044546,2.1576355,0,57049.0,10.060884753483137,7.47648916591728,19.0,36.61694183,115.731019,99.0,18.1,2026-04-09 08:45:32.001000+00:00
node/4520259289,Cachitos,,,,41.3953057,2.1536913,1,,,,,36.61694183,115.731019,99.0,18.1,2026-04-09 08:45:32.001000+00:00
node/4572063790,Cafetería 365,,,,41.3744652,2.1675541,0,22257.0,11.34877622590874,8.433552771792865,26.0,36.61694183,115.731019,99.0,18.1,2026-04-09 08:45:32.001000+00:00
node/4580517495,Cadaqués,,,,41.4004717,2.1574102,0,18650.0,34.251372064768944,25.453031063832672,26.0,36.61694183,115.731019,99.0,18.1,2026-04-09 08:45:32.001000+00:00
node/4591423938,Arabia Cafe,,,,41.3796023,2.1762764,0,23960.0,7.066389131578293,5.251206338101632,24.0,36.61694183,115.731019,99.0,18.1,2026-04-09 08:45:32.001000+00:00
node/4602957463,Otafuku Daifuku,,,,41.3861633,2.1813225,0,58765.0,14.408679311697103,10.707441483392836,22.0,36.61694183,115.731019,99.0,18.1,2026-04-09 08:45:32.001000+00:00
node/4631918790,Casa López,,,,41.4047191,2.1550626,1,,,,,36.61694183,115.731019,99.0,18.1,2026-04-09 08:45:32.001000+00:00
node/4643974106,Kyoka Via Augusta,,,,41.3979693,2.1315017,1,,,,,36.61694183,115.731019,99.0,18.1,2026-04-09 08:45:32.001000+00:00
node/4654613659,afiparc,,,,41.4134414,2.1527296,1,,,,,36.61694183,115.731019,99.0,18.1,2026-04-09 08:45:32.001000+00:00
node/4668687590,Can Vilaró,,,,41.3779004,2.1617005,0,10112.0,1.6903366724918234,1.2561304625085292,25.0,36.61694183,115.731019,99.0,18.1,2026-04-09 08:45:32.001000+00:00
node/4673198082,Montesquiu,,,,41.4046825,2.1325233,0,74154.0,12.431586357663845,9.23821542494668,27.0,36.61694183,115.731019,99.0,18.1,2026-04-09 08:45:32.001000+00:00
node/4680760648,Sushi Taller,,,,41.4048621,2.1326565,1,,,,,36.61694183,115.731019,99.0,18.1,2026-04-09 08:45:32.001000+00:00
node/4681801089,Orxateria la Valenciana,,,,41.3863413,2.1622578,0,48171.0,7.595150385594059,5.6441417392985365,32.0,36.61694183,115.731019,99.0,18.1,2026-04-09 08:45:32.001000+00:00
node/4704972453,majide,,,,41.3849224,2.1674688,0,23778.0,19.31749711782766,14.355303877631169,26.0,36.61694183,115.731019,99.0,18.1,2026-04-09 08:45:32.001000+00:00
node/4709933976,Sottovoce,,,,41.3579226,2.1294974,1,,,,,36.61694183,115.731019,99.0,18.1,2026-04-09 08:45:32.001000+00:00
node/4711659235,Casa Lolea,,,,41.3888056,2.1771897,0,70006.0,7.156870277696798,5.31844508750094,22.0,36.61694183,115.731019,99.0,18.1,2026-04-09 08:45:32.001000+00:00
node/4720526074,El Charrito,,,,41.3896183,2.1662427,0,54679.0,37.04273115094705,27.527358170976026,30.0,36.61694183,115.731019,99.0,18.1,2026-04-09 08:45:32.001000+00:00
node/4721286889,Prodigi,,,,41.3985973,2.1659559,1,,,,,36.61694183,115.731019,99.0,18.1,2026-04-09 08:45:32.001000+00:00
node/4726582894,Catalina Cafe,,,,41.3862071,2.1793039,0,61329.0,2.9108952167423037,2.163157325061267,23.0,36.61694183,115.731019,99.0,18.1,2026-04-09 08:45:32.001000+00:00
node/4726583193,Betlem,,,,41.3949258,2.1712207,0,34339.0,2.616001133059335,1.9440143296119339,26.0,36.61694183,115.731019,99.0,18.1,2026-04-09 08:45:32.001000+00:00
node/4727975192,La Coruña,,,,41.4083413,2.1851911,0,2523.0,10.075594507680915,7.487420343501331,33.0,36.61694183,115.731019,99.0,18.1,2026-04-09 08:45:32.001000+00:00
node/4728103192,Cafè Arrels,,,,41.4137041,2.1809929,1,,,,,36.61694183,115.731019,99.0,18.1,2026-04-09 08:45:32.001000+00:00
node/4729343193,Cervecería Frankfurt El Molino,,,,41.3746194,2.1669636,0,52662.0,3.1981741330044815,2.376641303623593,34.0,36.61694183,115.731019,99.0,18.1,2026-04-09 08:45:32.001000+00:00
node/4735766123,I'll Pomo d'Oro,,,,41.3926987,2.1585151,0,47207.0,27.92364948006601,20.750745876331358,27.0,36.61694183,115.731019,99.0,18.1,2026-04-09 08:45:32.001000+00:00
node/4743830714,Casa Escarré (Joan's),,,,41.3747567,2.1427755,1,,,,,36.61694183,115.731019,99.0,18.1,2026-04-09 08:45:32.001000+00:00
node/4751727952,Bar Ribalda,,,,41.4026552,2.1328307,0,39280.0,26.61965917926572,19.781718837927073,23.0,36.61694183,115.731019,99.0,18.1,2026-04-09 08:45:32.001000+00:00
node/4755496723,Brewdog,,,,41.3857301,2.1581661,1,,,,,36.61694183,115.731019,99.0,18.1,2026-04-09 08:45:32.001000+00:00
node/4756509699,Morro fi,,,,41.3833069,2.1550311,0,71046.0,30.495484475200584,22.66193927023179,36.0,36.61694183,115.731019,99.0,18.1,2026-04-09 08:45:32.001000+00:00
node/4776357929,Tomodachi,,,,41.4053891,2.1644663,0,51524.0,9.447631903269418,7.020765996143029,32.0,36.61694183,115.731019,99.0,18.1,2026-04-09 08:45:32.001000+00:00
node/4778618049,De Gustibus Italiae,,,,41.4027491,2.1330183,1,,,,,36.61694183,115.731019,99.0,18.1,2026-04-09 08:45:32.001000+00:00
node/4784670742,Índigo Café,,,,41.3874831,2.1626443,1,,,,,36.61694183,115.731019,99.0,18.1,2026-04-09 08:45:32.001000+00:00
node/4792724121,Venus Delicatessen Barcelona,,,,41.3807065,2.1779781,0,12970.0,10.501157116138835,7.803666310880453,32.0,36.61694183,115.731019,99.0,18.1,2026-04-09 08:45:32.001000+00:00
node/4802341078,El Quatre,,,,41.4031267,2.1333762,0,2452.0,16.36807375260803,12.163515344507028,26.0,36.61694183,115.731019,99.0,18.1,2026-04-09 08:45:32.001000+00:00
node/4805335780,Madonna Vegan,,,,41.3812162,2.1671279,0,72918.0,4.588054774607864,3.40949555188126,24.0,36.61694183,115.731019,99.0,18.1,2026-04-09 08:45:32.001000+00:00
node/4816093515,Olímpic Bar,,,,41.4422394,2.2177816,1,,,,,36.61694183,115.731019,99.0,18.1,2026-04-09 08:45:32.001000+00:00
node/4822739686,Bar El Racó,,,,41.4417497,2.2212713,1,,,,,36.61694183,115.731019,99.0,18.1,2026-04-09 08:45:32.001000+00:00
node/4838956921,Supra,,,,41.3910798,2.1613999,0,16239.0,9.039452500281593,6.717437913279093,29.0,36.61694183,115.731019,99.0,18.1,2026-04-09 08:45:32.001000+00:00
node/4844565923,Pampa Drugstore,,,,41.3827176,2.1712051,0,22642.0,3.410374057047041,2.5343322494982496,28.0,36.61694183,115.731019,99.0,18.1,2026-04-09 08:45:32.001000+00:00
node/4847673021,Usagui,,,,41.4021671,2.1463849,0,50002.0,6.152373144368831,4.571978736028078,31.0,36.61694183,115.731019,99.0,18.1,2026-04-09 08:45:32.001000+00:00
node/4859449960,Restaurant el Magatzem,,,,41.3805096,2.1863595,1,,,,,36.61694183,115.731019,99.0,18.1,2026-04-09 08:45:32.001000+00:00
node/4859450597,Restaurant Cal Pinxo,,,,41.3806265,2.1855795,1,,,,,36.61694183,115.731019,99.0,18.1,2026-04-09 08:45:32.001000+00:00
node/4867833221,Pizzeria El Mundo,,,,41.3751322,2.1231212,0,67795.0,21.261887528411613,15.80022787738293,31.0,36.61694183,115.731019,99.0,18.1,2026-04-09 08:45:32.001000+00:00
node/4881181797,Sierra Nevada,,,,41.4420581,2.1834715,1,,,,,36.61694183,115.731019,99.0,18.1,2026-04-09 08:45:32.001000+00:00
node/4903340658,El Ramblero,,,,41.4219271,2.1969049,0,47537.0,26.50121991424498,19.69370372758201,56.0,36.61694183,115.731019,99.0,18.1,2026-04-09 08:45:32.001000+00:00
node/4906736149,L'Olivera,,,,41.4058547,2.1893093,1,,,,,36.61694183,115.731019,99.0,18.1,2026-04-09 08:45:32.001000+00:00
node/4917663030,Picnic,,,,41.4179648,2.1988442,1,,,,,36.61694183,115.731019,99.0,18.1,2026-04-09 08:45:32.001000+00:00
node/4937772721,Vila's Bar,,,,41.4059086,2.1571314,0,8801.0,22.35877705612871,16.615353273521258,24.0,36.61694183,115.731019,99.0,18.1,2026-04-09 08:45:32.001000+00:00
node/4938104321,Hammock Juice Station,,,,41.3971863,2.1671778,0,57771.0,0.11327115786529894,0.08417456370302044,32.0,36.61694183,115.731019,99.0,18.1,2026-04-09 08:45:32.001000+00:00
node/4973805221,Brunch & Cake by the sea,,,,41.3809714,2.1872568,0,51094.0,5.752419608101664,4.2747634956152964,25.0,36.61694183,115.731019,99.0,18.1,2026-04-09 08:45:32.001000+00:00
node/4973805421,Quinoa Aragó Vegetarià,,,,41.3886233,2.1598684,0,76943.0,34.10337687510506,25.343052224074388,32.0,36.61694183,115.731019,99.0,18.1,2026-04-09 08:45:32.001000+00:00
node/4977546909,Tonkotsu,,,,41.3938467,2.1650368,0,55841.0,6.170010894128914,4.5850857786215995,26.0,36.61694183,115.731019,99.0,18.1,2026-04-09 08:45:32.001000+00:00
node/4983764927,Cervecería-Frankfurt,,,,41.4394391,2.2207951,1,,,,,36.61694183,115.731019,99.0,18.1,2026-04-09 08:45:32.001000+00:00
node/4983764935,Max Bar,,,,41.4401476,2.2214687,1,,,,,36.61694183,115.731019,99.0,18.1,2026-04-09 08:45:32.001000+00:00
node/4983764944,Bar Verín,,,,41.4396911,2.2210187,1,,,,,36.61694183,115.731019,99.0,18.1,2026-04-09 08:45:32.001000+00:00
node/4983764949,Bar R'Aurora,,,,41.4400582,2.2213943,1,,,,,36.61694183,115.731019,99.0,18.1,2026-04-09 08:45:32.001000+00:00
node/4983764952,Trocadero,,,,41.4385047,2.2204982,1,,,,,36.61694183,115.731019,99.0,18.1,2026-04-09 08:45:32.001000+00:00
node/4983764957,Bar La Alpujarra,,,,41.4420698,2.2228867,1,,,,,36.61694183,115.731019,99.0,18.1,2026-04-09 08:45:32.001000+00:00
node/4983764958,Sant Mori,,,,41.4390777,2.2210618,1,,,,,36.61694183,115.731019,99.0,18.1,2026-04-09 08:45:32.001000+00:00
node/4983764960,El buen gusto,,,,41.4411919,2.2225719,1,,,,,36.61694183,115.731019,99.0,18.1,2026-04-09 08:45:32.001000+00:00
node/4983764965,Bar Junior Bodega,,,,41.4417139,2.2225318,1,,,,,36.61694183,115.731019,99.0,18.1,2026-04-09 08:45:32.001000+00:00
node/4983764975,Bar Satisfecho,,,,41.4385461,2.2198488,1,,,,,36.61694183,115.731019,99.0,18.1,2026-04-09 08:45:32.001000+00:00
node/4983765002,Bar sushi Salon,,,,41.4425727,2.2233672,1,,,,,36.61694183,115.731019,99.0,18.1,2026-04-09 08:45:32.001000+00:00
node/4983765004,Corre que se acaban,,,,41.4392453,2.2212328,1,,,,,36.61694183,115.731019,99.0,18.1,2026-04-09 08:45:32.001000+00:00
node/4983765005,365,,,,41.4403303,2.2225575,1,,,,,36.61694183,115.731019,99.0,18.1,2026-04-09 08:45:32.001000+00:00
node/4984256695,Pampa Mía,,,,41.4085709,2.2035603,1,,,,,36.61694183,115.731019,99.0,18.1,2026-04-09 08:45:32.001000+00:00
node/4991221422,Salterio,,,,41.3825107,2.1760837,0,74813.0,7.448904844848347,5.535463106381039,26.0,36.61694183,115.731019,99.0,18.1,2026-04-09 08:45:32.001000+00:00
node/5007434606,La Balmesina,,,,41.3970301,2.1522555,1,,,,,36.61694183,115.731019,99.0,18.1,2026-04-09 08:45:32.001000+00:00
node/5010794721,Syra Coffee,,,,41.4014925,2.1595216,0,32825.0,8.08793732980628,6.010343752320564,22.0,36.61694183,115.731019,99.0,18.1,2026-04-09 08:45:32.001000+00:00
node/5010794821,Nomad Frutas Selectas,,,,41.3979292,2.1955517,0,12011.0,21.552109097035196,16.015898612780088,31.0,36.61694183,115.731019,99.0,18.1,2026-04-09 08:45:32.001000+00:00
node/5023905423,Petra,,,,41.4038883,2.1551166,0,48435.0,5.223905247936931,3.8820115672687043,25.0,36.61694183,115.731019,99.0,18.1,2026-04-09 08:45:32.001000+00:00
node/5028969022,Guzzo,,,,41.3850929,2.1836594,0,26203.0,5.16081997670792,3.8351313615582314,26.0,36.61694183,115.731019,99.0,18.1,2026-04-09 08:45:32.001000+00:00
node/5030247521,La Pantera Rosa,,,,41.4010493,2.1525903,0,57967.0,8.482301434616652,6.303405349713441,25.0,36.61694183,115.731019,99.0,18.1,2026-04-09 08:45:32.001000+00:00
node/5037900607,Orio,,,,41.3819545,2.1763606,0,45422.0,5.274513555744328,3.919619836749817,28.0,36.61694183,115.731019,99.0,18.1,2026-04-09 08:45:32.001000+00:00
node/5048602525,Blau Cel,,,,41.4043091,2.1612896,0,11806.0,13.079144613723408,9.719431779607087,20.0,36.61694183,115.731019,99.0,18.1,2026-04-09 08:45:32.001000+00:00
node/5053669724,La Xula Taperia,,,,41.4023295,2.1586126,0,48294.0,0.10421030536258846,0.0774412229253084,27.0,36.61694183,115.731019,99.0,18.1,2026-04-09 08:45:32.001000+00:00
node/5081388242,La Raposa,,,,41.3725137,2.1639527,0,39453.0,22.24858357985777,16.53346581017374,27.0,36.61694183,115.731019,99.0,18.1,2026-04-09 08:45:32.001000+00:00
node/5082277825,Vermuteria Puigmartí,,,,41.4013967,2.1590604,0,30178.0,2.3792721457338484,1.7680952377661776,23.0,36.61694183,115.731019,99.0,18.1,2026-04-09 08:45:32.001000+00:00
node/5082277826,Caracas,,,,41.4020908,2.1601676,0,1257.0,9.840221015882934,7.312508553485797,27.0,36.61694183,115.731019,99.0,18.1,2026-04-09 08:45:32.001000+00:00
node/5082288821,Curuba,,,,41.3999554,2.1574731,0,72032.0,19.711281794864487,14.647934888094817,28.0,36.61694183,115.731019,99.0,18.1,2026-04-09 08:45:32.001000+00:00
node/5086827321,Metric Market,,,,41.3916196,2.1419287,0,26974.0,6.473790670692635,4.810831949455843,38.0,36.61694183,115.731019,99.0,18.1,2026-04-09 08:45:32.001000+00:00
node/5088945722,La Juanola,,,,41.4066765,2.1569377,0,1435.0,7.383849577262581,5.48711894826687,27.0,36.61694183,115.731019,99.0,18.1,2026-04-09 08:45:32.001000+00:00
node/5089333723,Ciuri‘s,,,,41.4052466,2.1565749,0,10917.0,10.707179675595937,7.95676670626887,29.0,36.61694183,115.731019,99.0,18.1,2026-04-09 08:45:32.001000+00:00
node/5105012628,Entre Hores,,,,41.4030943,2.1577829,0,50705.0,7.457911607832086,5.542156251916237,19.0,36.61694183,115.731019,99.0,18.1,2026-04-09 08:45:32.001000+00:00
node/5109943322,Intrèpid,,,,41.4043018,2.1550041,0,17927.0,23.803758607954357,17.689154353832272,19.0,36.61694183,115.731019,99.0,18.1,2026-04-09 08:45:32.001000+00:00
node/5110964523,La Trobada,,,,41.4015625,2.1520155,0,61029.0,15.228369204467256,11.31657306106907,27.0,36.61694183,115.731019,99.0,18.1,2026-04-09 08:45:32.001000+00:00
node/5111094221,El Dorado Chicken,,,,41.3930251,2.1579995,0,21744.0,1.4941178887759277,1.1103154922999234,24.0,36.61694183,115.731019,99.0,18.1,2026-04-09 08:45:32.001000+00:00
node/5113896626,Granja Fimon's,,,,41.4477805,2.2438919,1,,,,,36.61694183,115.731019,99.0,18.1,2026-04-09 08:45:32.001000+00:00
node/5118124314,Kebab Bocateli,,,,41.4426035,2.2166674,1,,,,,36.61694183,115.731019,99.0,18.1,2026-04-09 08:45:32.001000+00:00
node/5118126421,Bar Frankfurt Polideportivo,,,,41.4429429,2.2162226,1,,,,,36.61694183,115.731019,99.0,18.1,2026-04-09 08:45:32.001000+00:00
node/5118126428,Granja Modesto,,,,41.4343689,2.2158958,1,,,,,36.61694183,115.731019,99.0,18.1,2026-04-09 08:45:32.001000+00:00
node/5118126435,Cafeteria i Forn de pa Grey,,,,41.4332655,2.2174982,1,,,,,36.61694183,115.731019,99.0,18.1,2026-04-09 08:45:32.001000+00:00
node/5118126438,Frankfurt Piscis,,,,41.4360107,2.2158678,1,,,,,36.61694183,115.731019,99.0,18.1,2026-04-09 08:45:32.001000+00:00
node/5118126440,Bar Julio,,,,41.4348299,2.2151483,1,,,,,36.61694183,115.731019,99.0,18.1,2026-04-09 08:45:32.001000+00:00
node/5118126443,Bar Beethoven,,,,41.4328863,2.2181523,1,,,,,36.61694183,115.731019,99.0,18.1,2026-04-09 08:45:32.001000+00:00
node/5118126453,Bar Bondia,,,,41.4342763,2.2160261,1,,,,,36.61694183,115.731019,99.0,18.1,2026-04-09 08:45:32.001000+00:00
node/5128075585,Monkey Factory,,,,41.3927261,2.1544614,0,7028.0,0.2775455123751077,0.20625084842593522,26.0,36.61694183,115.731019,99.0,18.1,2026-04-09 08:45:32.001000+00:00
node/5137360822,El Jardí,,,,41.4475237,2.2469586,1,,,,,36.61694183,115.731019,99.0,18.1,2026-04-09 08:45:32.001000+00:00
node/5144745888,Bar La Imperial,,,,41.4372451,2.2200669,1,,,,,36.61694183,115.731019,99.0,18.1,2026-04-09 08:45:32.001000+00:00
node/5144745889,Gabi,,,,41.4372105,2.2199582,1,,,,,36.61694183,115.731019,99.0,18.1,2026-04-09 08:45:32.001000+00:00
node/5144745893,Bar India,,,,41.4420657,2.2284253,1,,,,,36.61694183,115.731019,99.0,18.1,2026-04-09 08:45:32.001000+00:00
node/5144745896,Mokka,,,,41.4371063,2.2201689,1,,,,,36.61694183,115.731019,99.0,18.1,2026-04-09 08:45:32.001000+00:00
node/5156690125,Loc,,,,41.4351636,2.2283155,1,,,,,36.61694183,115.731019,99.0,18.1,2026-04-09 08:45:32.001000+00:00
node/5160440326,Les Termes Bdn,,,,41.4520115,2.2476488,1,,,,,36.61694183,115.731019,99.0,18.1,2026-04-09 08:45:32.001000+00:00
node/5167185733,La Sucursal,,,,41.3806502,2.1611889,0,19652.0,20.53015993737437,15.256463234328185,34.0,36.61694183,115.731019,99.0,18.1,2026-04-09 08:45:32.001000+00:00
node/5167569072,El Mercader de L'Eixample,,,,41.3923316,2.1603286,1,,,,,36.61694183,115.731019,99.0,18.1,2026-04-09 08:45:32.001000+00:00
node/5168232324,Colmado,,,,41.3819235,2.1744264,0,16077.0,16.72424166804927,12.42819242075739,24.0,36.61694183,115.731019,99.0,18.1,2026-04-09 08:45:32.001000+00:00
node/5175039621,Green's,,,,41.3959672,2.1496553,0,45016.0,29.54965829267188,21.959072735152102,35.0,36.61694183,115.731019,99.0,18.1,2026-04-09 08:45:32.001000+00:00
node/5176233727,Els Porxos,,,,41.4031581,2.1751611,0,48226.0,6.272525716767926,4.661267046928163,11.0,36.61694183,115.731019,99.0,18.1,2026-04-09 08:45:32.001000+00:00
node/5182260830,Catafal,,,,41.4088089,2.1468574,0,4077.0,2.8517974509257544,2.1192403320051265,28.0,36.61694183,115.731019,99.0,18.1,2026-04-09 08:45:32.001000+00:00
node/5190930121,Casa Ángel,,,,41.4070235,2.1818566,1,,,,,36.61694183,115.731019,99.0,18.1,2026-04-09 08:45:32.001000+00:00
node/5192085421,Esterri,,,,41.3812805,2.1618108,1,,,,,36.61694183,115.731019,99.0,18.1,2026-04-09 08:45:32.001000+00:00
node/5198200824,Copa d'Or,,,,41.3963876,2.1688461,1,,,,,36.61694183,115.731019,99.0,18.1,2026-04-09 08:45:32.001000+00:00
node/5198200829,Gyoza Bistró,,,,41.3940771,2.1723519,0,44673.0,2.377313124530419,1.7666394412669508,32.0,36.61694183,115.731019,99.0,18.1,2026-04-09 08:45:32.001000+00:00
node/5198201036,Nou Can Codina,,,,41.3989586,2.1608728,0,8365.0,5.159439443599825,3.834105453690408,29.0,36.61694183,115.731019,99.0,18.1,2026-04-09 08:45:32.001000+00:00
node/5198201122,La Particcela,,,,41.3961328,2.1697679,0,44815.0,38.054800959130624,28.27945196207296,29.0,36.61694183,115.731019,99.0,18.1,2026-04-09 08:45:32.001000+00:00
node/5198201124,Riko's Braseria - Restaurante,,,,41.3929731,2.1692667,0,34918.0,2.91581201510753,2.1668111180038694,34.0,36.61694183,115.731019,99.0,18.1,2026-04-09 08:45:32.001000+00:00
node/5199743028,seven7seven,,,,41.3898868,2.1622344,0,4168.0,14.199764279432488,10.552191620821564,35.0,36.61694183,115.731019,99.0,18.1,2026-04-09 08:45:32.001000+00:00
node/5207046925,Sense Nom,,,,41.3843558,2.1622563,1,,,,,36.61694183,115.731019,99.0,18.1,2026-04-09 08:45:32.001000+00:00
node/5207067522,El Maravillas,,,,41.3868914,2.1323626,0,48536.0,0.22316307303910354,0.16583792963457097,14.0,36.61694183,115.731019,99.0,18.1,2026-04-09 08:45:32.001000+00:00
node/5208223424,Bonastre,,,,41.3774986,2.1587463,0,65421.0,51.17368872104663,38.028417845703906,42.0,36.61694183,115.731019,99.0,18.1,2026-04-09 08:45:32.001000+00:00
node/5212252535,Tariq,,,,41.4477214,2.2405051,1,,,,,36.61694183,115.731019,99.0,18.1,2026-04-09 08:45:32.001000+00:00
node/5218828496,Conecta,,,,41.4388265,2.2253266,1,,,,,36.61694183,115.731019,99.0,18.1,2026-04-09 08:45:32.001000+00:00
node/5218828499,Sweet dolç,,,,41.4385456,2.2254351,1,,,,,36.61694183,115.731019,99.0,18.1,2026-04-09 08:45:32.001000+00:00
node/5226505321,Bodega E. Marin,,,,41.4025586,2.1609645,0,45305.0,7.230091772774778,5.372857768699109,25.0,36.61694183,115.731019,99.0,18.1,2026-04-09 08:45:32.001000+00:00
node/5228942946,La Pubilla,,,,41.3995748,2.1536674,0,30875.0,1.1281398454833431,0.8383482704615742,28.0,36.61694183,115.731019,99.0,18.1,2026-04-09 08:45:32.001000+00:00
node/5237627856,Tasmango Dessert,,,,41.3909254,2.1784375,0,29186.0,5.2486156711505965,3.9003744862334844,27.0,36.61694183,115.731019,99.0,18.1,2026-04-09 08:45:32.001000+00:00
node/5238186123,Lennox,,,,41.3834186,2.1829502,1,,,,,36.61694183,115.731019,99.0,18.1,2026-04-09 08:45:32.001000+00:00
node/5271863048,Rest. Alexandre,,,,41.4322501,2.1835476,0,22533.0,11.150769971828609,8.28640948870323,29.0,36.61694183,115.731019,99.0,18.1,2026-04-09 08:45:32.001000+00:00
node/5286467104,Granja Monsul,,,,41.4437723,2.2239591,1,,,,,36.61694183,115.731019,99.0,18.1,2026-04-09 08:45:32.001000+00:00
node/5298404593,Próspero,,,,41.4382431,2.2237839,1,,,,,36.61694183,115.731019,99.0,18.1,2026-04-09 08:45:32.001000+00:00
node/5298404603,Bar Salamanca,,,,41.4388532,2.2246477,1,,,,,36.61694183,115.731019,99.0,18.1,2026-04-09 08:45:32.001000+00:00
node/5298405327,Bar Benuga,,,,41.4383471,2.2243229,1,,,,,36.61694183,115.731019,99.0,18.1,2026-04-09 08:45:32.001000+00:00
node/5298405384,Bar Rocío Los Cazadores,,,,41.4389682,2.2252641,1,,,,,36.61694183,115.731019,99.0,18.1,2026-04-09 08:45:32.001000+00:00
node/5299921764,Bar Crack,,,,41.4343466,2.2189911,1,,,,,36.61694183,115.731019,99.0,18.1,2026-04-09 08:45:32.001000+00:00
node/5299921811,Can Daura,,,,41.4358077,2.2218721,1,,,,,36.61694183,115.731019,99.0,18.1,2026-04-09 08:45:32.001000+00:00
node/5299922525,Bar La Imperial,,,,41.4354603,2.2205399,1,,,,,36.61694183,115.731019,99.0,18.1,2026-04-09 08:45:32.001000+00:00
node/5299922526,Bar Marta,,,,41.4349148,2.2200469,1,,,,,36.61694183,115.731019,99.0,18.1,2026-04-09 08:45:32.001000+00:00
node/5313632423,365,,,,41.3789307,2.1718613,0,71670.0,5.6866918531932376,4.225919595748261,20.0,36.61694183,115.731019,99.0,18.1,2026-04-09 08:45:32.001000+00:00
node/5327570662,Ancestral,,,,41.3977332,2.1656576,0,31904.0,9.983608131545546,7.419063020915961,37.0,36.61694183,115.731019,99.0,18.1,2026-04-09 08:45:32.001000+00:00
node/5347967007,Bar Marín,,,,41.4474106,2.2217195,1,,,,,36.61694183,115.731019,99.0,18.1,2026-04-09 08:45:32.001000+00:00
node/5347967009,Bar La Cantonada,,,,41.4474812,2.2209325,1,,,,,36.61694183,115.731019,99.0,18.1,2026-04-09 08:45:32.001000+00:00
node/5363964402,El gran croissant,,,,41.4359355,2.2167366,1,,,,,36.61694183,115.731019,99.0,18.1,2026-04-09 08:45:32.001000+00:00
node/5395531687,Las Marismas,,,,41.3701297,2.1215161,1,,,,,36.61694183,115.731019,99.0,18.1,2026-04-09 08:45:32.001000+00:00
node/5407919537,El Yate,,,,41.4039787,2.1367463,0,62957.0,1.6113438131022837,1.1974289395429416,35.0,36.61694183,115.731019,99.0,18.1,2026-04-09 08:45:32.001000+00:00
node/5417517130,Tou Kichi Rou,,,,41.3919953,2.1432267,0,70711.0,10.87583983024386,8.082102186183853,40.0,36.61694183,115.731019,99.0,18.1,2026-04-09 08:45:32.001000+00:00
node/5418243448,La Pampa,,,,41.3793623,2.1879402,0,64788.0,0.9809297096888524,0.728952823406117,29.0,36.61694183,115.731019,99.0,18.1,2026-04-09 08:45:32.001000+00:00
node/5418243450,els maians,,,,41.3786757,2.1882219,0,76803.0,4.318162682826279,3.2089321472092025,27.0,36.61694183,115.731019,99.0,18.1,2026-04-09 08:45:32.001000+00:00
node/5418243451,no30,,,,41.3791653,2.1879988,0,76449.0,3.887391127316428,2.8888152840635706,30.0,36.61694183,115.731019,99.0,18.1,2026-04-09 08:45:32.001000+00:00
node/5418243452,Lolita,,,,41.3783615,2.1882936,0,52700.0,11.343347308179805,8.42951841044418,29.0,36.61694183,115.731019,99.0,18.1,2026-04-09 08:45:32.001000+00:00
node/5418243454,Reina Margherita,,,,41.3792655,2.1879835,0,50699.0,6.49873149139789,4.82936608242336,29.0,36.61694183,115.731019,99.0,18.1,2026-04-09 08:45:32.001000+00:00
node/5434314893,PolkaBarcelona,,,,41.3859057,2.1326565,0,65685.0,3.1580398755067187,2.3468165567234487,33.0,36.61694183,115.731019,99.0,18.1,2026-04-09 08:45:32.001000+00:00
node/5485540627,Bar Placídia,,,,41.3999472,2.1524915,0,17758.0,3.004021603193029,2.2323618171531603,28.0,36.61694183,115.731019,99.0,18.1,2026-04-09 08:45:32.001000+00:00
node/5487473548,Cafè Mos,,,,41.4143487,2.1384116,0,61126.0,5.927064782848493,4.404546590131149,27.0,36.61694183,115.731019,99.0,18.1,2026-04-09 08:45:32.001000+00:00
node/5498351755,365 Cafeteria Forn de Pa,,,,41.3747778,2.1626826,0,40300.0,3.4938232505857405,2.596345383202084,34.0,36.61694183,115.731019,99.0,18.1,2026-04-09 08:45:32.001000+00:00
node/5509139428,La Carmanyola,,,,41.4013829,2.2068942,1,,,,,36.61694183,115.731019,99.0,18.1,2026-04-09 08:45:32.001000+00:00
node/5536153362,Cafeteria La Dona,,,,41.4396715,2.2242727,1,,,,,36.61694183,115.731019,99.0,18.1,2026-04-09 08:45:32.001000+00:00
node/5564055763,Panda & Smile,,,,41.3842068,2.1585673,0,51044.0,25.194563016691543,18.722695076007188,28.0,36.61694183,115.731019,99.0,18.1,2026-04-09 08:45:32.001000+00:00
node/5564064431,Atrapatapa,,,,41.3832362,2.1568636,1,,,,,36.61694183,115.731019,99.0,18.1,2026-04-09 08:45:32.001000+00:00
node/5595134220,Cervecería Amoretty's 3,,,,41.4412382,2.2200117,1,,,,,36.61694183,115.731019,99.0,18.1,2026-04-09 08:45:32.001000+00:00
node/5606506169,Sincopa,,,,41.3803881,2.1789886,0,30817.0,10.840837638238344,8.056091202485625,21.0,36.61694183,115.731019,99.0,18.1,2026-04-09 08:45:32.001000+00:00
node/5611733921,Buenas Migas,,,,41.4024253,2.1743326,0,43996.0,10.962240024089887,8.146308280285004,26.0,36.61694183,115.731019,99.0,18.1,2026-04-09 08:45:32.001000+00:00
node/5617465886,Amateur,,,,41.3967536,2.1962847,0,36160.0,18.677990336016737,13.880070770116973,34.0,36.61694183,115.731019,99.0,18.1,2026-04-09 08:45:32.001000+00:00
node/5646412432,Made in Sicily,,,,41.4483394,2.2490191,1,,,,,36.61694183,115.731019,99.0,18.1,2026-04-09 08:45:32.001000+00:00
node/5646415922,La Bella Istambul,,,,41.4479233,2.2494906,1,,,,,36.61694183,115.731019,99.0,18.1,2026-04-09 08:45:32.001000+00:00
node/5658288082,Can Teixidó,,,,41.4491148,2.2483189,1,,,,,36.61694183,115.731019,99.0,18.1,2026-04-09 08:45:32.001000+00:00
node/5663240986,Cafè Escac,,,,41.3837378,2.1695562,0,10017.0,27.554190884735153,20.476192171271784,39.0,36.61694183,115.731019,99.0,18.1,2026-04-09 08:45:32.001000+00:00
node/5676005621,CACHO,,,,41.3931048,2.1910878,1,,,,,36.61694183,115.731019,99.0,18.1,2026-04-09 08:45:32.001000+00:00
node/5718757792,360°,,,,41.3790957,2.1696433,0,33473.0,23.583406598127887,17.525405393922423,28.0,36.61694183,115.731019,99.0,18.1,2026-04-09 08:45:32.001000+00:00
node/5793057257,Bar Granja el Chiquitín,,,,41.4398176,2.2263171,1,,,,,36.61694183,115.731019,99.0,18.1,2026-04-09 08:45:32.001000+00:00
node/5796742218,The Clock,,,,41.3754168,2.1482785,1,,,,,36.61694183,115.731019,99.0,18.1,2026-04-09 08:45:32.001000+00:00
node/5805410453,Morrow Coffee,,,,41.3771392,2.1513283,1,,,,,36.61694183,115.731019,99.0,18.1,2026-04-09 08:45:32.001000+00:00
node/5806521955,Paisano Bistró,,,,41.4048549,2.1759323,0,35359.0,5.008176587741843,3.7216983313807743,25.0,36.61694183,115.731019,99.0,18.1,2026-04-09 08:45:32.001000+00:00
node/5856758686,El racó de les tapes,,,,41.4357708,2.1910224,0,1309.0,3.4942332663720546,2.596650075946246,12.0,36.61694183,115.731019,99.0,18.1,2026-04-09 08:45:32.001000+00:00
node/5878496985,UDON,,,,41.4051569,2.1921906,0,56160.0,88.2073063816953,65.54900355947075,77.0,36.61694183,115.731019,99.0,18.1,2026-04-09 08:45:32.001000+00:00
node/5916157285,Bar Castells,,,,41.3841472,2.1698121,0,69322.0,8.8733714094073,6.594018998639851,26.0,36.61694183,115.731019,99.0,18.1,2026-04-09 08:45:32.001000+00:00
node/5923867889,,,,,41.4406062,2.2451514,1,,,,,36.61694183,115.731019,99.0,18.1,2026-04-09 08:45:32.001000+00:00
node/5930228787,Mi casa,,,,41.3993608,2.1535771,0,24973.0,3.1413163085521196,2.3343888656987337,34.0,36.61694183,115.731019,99.0,18.1,2026-04-09 08:45:32.001000+00:00
node/5933808740,Kserol,,,,41.3986236,2.1753141,0,34157.0,36.711466926065924,27.281187635375538,33.0,36.61694183,115.731019,99.0,18.1,2026-04-09 08:45:32.001000+00:00
node/5944781772,Restaurante Burning Rock&Food,,,,41.3746837,2.1311612,0,59528.0,10.645239067192328,7.910737127458759,23.0,36.61694183,115.731019,99.0,18.1,2026-04-09 08:45:32.001000+00:00
node/5951964888,el Fornet,,,,41.3882003,2.1723419,0,49360.0,23.080075090804186,17.151367458534324,35.0,36.61694183,115.731019,99.0,18.1,2026-04-09 08:45:32.001000+00:00
node/5972440521,Feroz,,,,41.3965882,2.1508404,1,,,,,36.61694183,115.731019,99.0,18.1,2026-04-09 08:45:32.001000+00:00
node/5980982393,Pepa Tomate,,,,41.3767661,2.1627826,0,38104.0,22.44737165899077,16.681190086553794,23.0,36.61694183,115.731019,99.0,18.1,2026-04-09 08:45:32.001000+00:00
node/6000108088,La Neura,,,,41.4002093,2.1660134,1,,,,,36.61694183,115.731019,99.0,18.1,2026-04-09 08:45:32.001000+00:00
node/6009236381,Mesón Balouta,,,,41.4384121,2.1649296,0,44165.0,18.389050907224295,13.665352824140587,43.0,36.61694183,115.731019,99.0,18.1,2026-04-09 08:45:32.001000+00:00
node/6010958538,Bar Avenida,,,,41.4371962,2.2238498,1,,,,,36.61694183,115.731019,99.0,18.1,2026-04-09 08:45:32.001000+00:00
node/6010958540,Bar Trébol BCN,,,,41.4352675,2.2193633,1,,,,,36.61694183,115.731019,99.0,18.1,2026-04-09 08:45:32.001000+00:00
node/6027971388,Novell,,,,41.4070495,2.1667319,0,21082.0,20.679938168659305,15.367767095860282,34.0,36.61694183,115.731019,99.0,18.1,2026-04-09 08:45:32.001000+00:00
node/6038827086,Honest Greens,,,,41.3986972,2.1569862,0,5163.0,9.328744859356265,6.932418130367418,28.0,36.61694183,115.731019,99.0,18.1,2026-04-09 08:45:32.001000+00:00
node/6066258257,Bar Roma Sports,,,,41.4449369,2.2223513,1,,,,,36.61694183,115.731019,99.0,18.1,2026-04-09 08:45:32.001000+00:00
node/6089625321,Vivari,,,,41.3973187,2.1676233,0,74184.0,3.4644339035104688,2.574505441647682,32.0,36.61694183,115.731019,99.0,18.1,2026-04-09 08:45:32.001000+00:00
node/6093865396,The FRESH POKE,,,,41.3975268,2.1644457,0,69594.0,17.24144215775106,12.812536735657114,38.0,36.61694183,115.731019,99.0,18.1,2026-04-09 08:45:32.001000+00:00
node/6093944886,Nicasso,,,,41.4072456,2.1873211,0,5788.0,7.168964097405217,5.327432300279941,17.0,36.61694183,115.731019,99.0,18.1,2026-04-09 08:45:32.001000+00:00
node/6096656135,Yoi Yoi Gion,,,,41.3965593,2.1606187,0,55257.0,6.680590334206189,4.964509829846944,37.0,36.61694183,115.731019,99.0,18.1,2026-04-09 08:45:32.001000+00:00
node/6104559348,Belles Arts II,,,,41.3872827,2.1361782,1,,,,,36.61694183,115.731019,99.0,18.1,2026-04-09 08:45:32.001000+00:00
node/6104561002,Toyodo,,,,41.3866914,2.1375355,0,74789.0,42.356730603971414,31.47632094231403,36.0,36.61694183,115.731019,99.0,18.1,2026-04-09 08:45:32.001000+00:00
node/6106764321,Il Caffe di Francesco,,,,41.3930707,2.1642758,0,36182.0,0.5247881392995948,0.38998288262043207,29.0,36.61694183,115.731019,99.0,18.1,2026-04-09 08:45:32.001000+00:00
node/6109526596,El Cuiner de Damasc,,,,41.3814196,2.1776754,0,18159.0,15.61855193535135,11.606527377380365,24.0,36.61694183,115.731019,99.0,18.1,2026-04-09 08:45:32.001000+00:00
node/6110978486,Bonaparte,,,,41.4775805,2.0724847,1,,,,,36.61694183,115.731019,99.0,18.1,2026-04-09 08:45:32.001000+00:00
node/6123253862,Bar Granja Oasis,,,,41.3505068,2.1127043,1,,,,,36.61694183,115.731019,99.0,18.1,2026-04-09 08:45:32.001000+00:00
node/6126749461,Cantero,,,,41.3942111,2.1902433,1,,,,,36.61694183,115.731019,99.0,18.1,2026-04-09 08:45:32.001000+00:00
node/6164234382,Poké Sí,,,,41.4052321,2.1924708,0,56160.0,82.9818863052073,61.66586628611079,77.0,36.61694183,115.731019,99.0,18.1,2026-04-09 08:45:32.001000+00:00
node/6164236104,Palo Verde,,,,41.4047343,2.1968042,0,15778.0,18.75768187360264,13.939291497913304,27.0,36.61694183,115.731019,99.0,18.1,2026-04-09 08:45:32.001000+00:00
node/6166398253,Panet,,,,41.3861845,2.1430687,0,42203.0,26.546317977738436,19.72721719994297,37.0,36.61694183,115.731019,99.0,18.1,2026-04-09 08:45:32.001000+00:00
node/6182404055,Kasa,,,,41.3861348,2.1656868,0,60763.0,6.564112626365072,4.877952400546951,32.0,36.61694183,115.731019,99.0,18.1,2026-04-09 08:45:32.001000+00:00
node/6188914880,Bella Venezia,,,,41.3965502,2.1644865,0,36757.0,11.614624334573955,8.631110993849525,33.0,36.61694183,115.731019,99.0,18.1,2026-04-09 08:45:32.001000+00:00
node/6188922858,Arc iris,,,,41.3998386,2.1715382,0,32972.0,2.6058528878195455,1.936472920735136,33.0,36.61694183,115.731019,99.0,18.1,2026-04-09 08:45:32.001000+00:00
node/6193461695,Sun Market,,,,41.3928465,2.1569854,0,62279.0,5.175013150398857,3.8456786555517875,31.0,36.61694183,115.731019,99.0,18.1,2026-04-09 08:45:32.001000+00:00
node/6193479448,Akashi Sushi Bar,,,,41.3923045,2.1558108,0,48299.0,21.949017646274307,16.310851048968047,32.0,36.61694183,115.731019,99.0,18.1,2026-04-09 08:45:32.001000+00:00
node/6200571548,La Svolta,,,,41.4061025,2.1515184,0,58076.0,16.29040651526518,12.1057989236585,27.0,36.61694183,115.731019,99.0,18.1,2026-04-09 08:45:32.001000+00:00
node/6202321417,La Tapeta del Coll,,,,41.4179646,2.1467035,1,,,,,36.61694183,115.731019,99.0,18.1,2026-04-09 08:45:32.001000+00:00
node/6204104907,La Papa,,,,41.3898088,2.1577366,0,75865.0,3.4804782804715413,2.586428410001118,27.0,36.61694183,115.731019,99.0,18.1,2026-04-09 08:45:32.001000+00:00
node/6216083704,La Coma,,,,41.3401472,2.1265697,1,,,,,36.61694183,115.731019,99.0,18.1,2026-04-09 08:45:32.001000+00:00
node/6216218158,la Zona,,,,41.3460291,2.1439158,1,,,,,36.61694183,115.731019,99.0,18.1,2026-04-09 08:45:32.001000+00:00
node/6216756977,Estrella de Istanbul,,,,41.4098375,2.1751296,0,30536.0,5.312627134314287,3.9479429677899556,38.0,36.61694183,115.731019,99.0,18.1,2026-04-09 08:45:32.001000+00:00
node/6230395442,Akelarre,,,,41.3892275,2.1373726,0,62245.0,27.731519421415555,20.607969337573184,29.0,36.61694183,115.731019,99.0,18.1,2026-04-09 08:45:32.001000+00:00
node/6230407068,Starbucks,,,,41.3951351,2.1581903,0,7722.0,7.436680962089109,5.526379240572592,40.0,36.61694183,115.731019,99.0,18.1,2026-04-09 08:45:32.001000+00:00
node/6232752417,El Taller,,,,41.3587511,2.1404908,0,71206.0,6.189918180420326,4.599879369237875,35.0,36.61694183,115.731019,99.0,18.1,2026-04-09 08:45:32.001000+00:00
node/6237797177,Luri,,,,41.3977931,2.1514901,1,,,,,36.61694183,115.731019,99.0,18.1,2026-04-09 08:45:32.001000+00:00
node/6246525924,in blue,,,,41.3877036,2.1368756,0,67502.0,16.201637987334443,12.039832862659859,19.0,36.61694183,115.731019,99.0,18.1,2026-04-09 08:45:32.001000+00:00
node/6250219942,Al sur,,,,41.3941572,2.1586822,0,69671.0,11.345621547106902,8.431208452932069,33.0,36.61694183,115.731019,99.0,18.1,2026-04-09 08:45:32.001000+00:00
node/6258570565,Dino Pan,,,,41.3824376,2.1318622,0,43676.0,31.045390917231675,23.07058817704788,31.0,36.61694183,115.731019,99.0,18.1,2026-04-09 08:45:32.001000+00:00
node/6258570699,Don Sándwich,,,,41.3820321,2.1315862,0,34578.0,2.375985370816845,1.7656527550561676,29.0,36.61694183,115.731019,99.0,18.1,2026-04-09 08:45:32.001000+00:00
node/6258715958,La Lluna de Gavà,,,,41.3672801,2.1403759,1,,,,,36.61694183,115.731019,99.0,18.1,2026-04-09 08:45:32.001000+00:00
node/6258718433,La Toscana,,,,41.3805625,2.1323335,0,18084.0,0.9120546625969519,0.677770093854786,32.0,36.61694183,115.731019,99.0,18.1,2026-04-09 08:45:32.001000+00:00
node/6258718652,Cafeteria Melody Bar,,,,41.3779464,2.1338934,0,48353.0,16.105819144708864,11.96862754062962,28.0,36.61694183,115.731019,99.0,18.1,2026-04-09 08:45:32.001000+00:00
node/6258719247,Bar Florida,,,,41.3592896,2.1399844,0,55071.0,8.665014262600197,6.439183714376663,35.0,36.61694183,115.731019,99.0,18.1,2026-04-09 08:45:32.001000+00:00
node/6260784864,La Cabaña,,,,41.3699161,2.1341331,0,41597.0,5.475788578272219,4.069192221502416,23.0,36.61694183,115.731019,99.0,18.1,2026-04-09 08:45:32.001000+00:00
node/6260786193,Goiko Grill,,,,41.3656448,2.1357604,1,,,,,36.61694183,115.731019,99.0,18.1,2026-04-09 08:45:32.001000+00:00
node/6264834185,König,,,,41.3862163,2.1827612,0,4819.0,22.89190591471612,17.011534348340415,33.0,36.61694183,115.731019,99.0,18.1,2026-04-09 08:45:32.001000+00:00
node/6298115913,N.A.P.,,,,41.3774834,2.1900137,0,69560.0,17.668882053915453,13.130177761377789,24.0,36.61694183,115.731019,99.0,18.1,2026-04-09 08:45:32.001000+00:00
node/6316025985,L'Esclop,,,,41.3768262,2.1577412,0,1701.0,4.80662432874484,3.5719199254373453,38.0,36.61694183,115.731019,99.0,18.1,2026-04-09 08:45:32.001000+00:00
node/6330973943,Don Kilo,,,,41.3998564,2.1639573,0,11113.0,2.29603772580007,1.7062417075733325,25.0,36.61694183,115.731019,99.0,18.1,2026-04-09 08:45:32.001000+00:00
node/6333708759,SandwiChez,,,,41.3941488,2.1694356,1,,,,,36.61694183,115.731019,99.0,18.1,2026-04-09 08:45:32.001000+00:00
node/6334053687,Cafè Yafa,,,,41.3997495,2.1643963,1,,,,,36.61694183,115.731019,99.0,18.1,2026-04-09 08:45:32.001000+00:00
node/6334053692,La Mananta,,,,41.3994169,2.1648424,1,,,,,36.61694183,115.731019,99.0,18.1,2026-04-09 08:45:32.001000+00:00
node/6339732807,La Soca 2,,,,41.3912352,2.1594135,0,19582.0,1.4622547766010716,1.0866372354860538,35.0,36.61694183,115.731019,99.0,18.1,2026-04-09 08:45:32.001000+00:00
node/6339732809,Creps Barcelona,,,,41.3905618,2.1590619,0,65336.0,7.706826366651562,5.727130888158485,34.0,36.61694183,115.731019,99.0,18.1,2026-04-09 08:45:32.001000+00:00
node/6357834156,Les gens que j'aime bar,,,,41.3936947,2.1648505,0,55398.0,7.060465777178153,5.246804548787506,36.0,36.61694183,115.731019,99.0,18.1,2026-04-09 08:45:32.001000+00:00
node/6381462875,Comarca Cuina L’Hocal,,,,41.3609203,2.1295937,1,,,,,36.61694183,115.731019,99.0,18.1,2026-04-09 08:45:32.001000+00:00
node/6424929026,Cafeteria Samy's,,,,41.3637433,2.1369241,0,12462.0,2.5254497358189365,1.8767233748882821,38.0,36.61694183,115.731019,99.0,18.1,2026-04-09 08:45:32.001000+00:00
node/6424929700,Sakuraya,,,,41.3653001,2.1307952,1,,,,,36.61694183,115.731019,99.0,18.1,2026-04-09 08:45:32.001000+00:00
node/6431480513,Restaurant Bodega de Tapas,,,,41.3772493,2.1371156,1,,,,,36.61694183,115.731019,99.0,18.1,2026-04-09 08:45:32.001000+00:00
node/6431508292,Bodega Salvat,,,,41.3711848,2.1345217,0,8155.0,11.869384824162493,8.820429735389931,18.0,36.61694183,115.731019,99.0,18.1,2026-04-09 08:45:32.001000+00:00
node/6431508293,Jaqueline's,,,,41.3682256,2.1345214,0,44444.0,20.62368782633721,15.325966092742272,45.0,36.61694183,115.731019,99.0,18.1,2026-04-09 08:45:32.001000+00:00
node/6431508485,Japonia Café,,,,41.3806518,2.1387176,1,,,,,36.61694183,115.731019,99.0,18.1,2026-04-09 08:45:32.001000+00:00
node/6431508488,La Bodegueta de Sants,,,,41.3710695,2.1344235,0,35227.0,10.253980131829872,7.619983057316667,10.0,36.61694183,115.731019,99.0,18.1,2026-04-09 08:45:32.001000+00:00
node/6431512182,Bar Montevideo,,,,41.3693939,2.1342386,0,75486.0,11.845277788906468,8.802515208752336,25.0,36.61694183,115.731019,99.0,18.1,2026-04-09 08:45:32.001000+00:00
node/6431558869,Bar Alegría,,,,41.3629394,2.1373301,0,38963.0,8.091167122816845,6.012743890384295,37.0,36.61694183,115.731019,99.0,18.1,2026-04-09 08:45:32.001000+00:00
node/6431559030,Bar El Faro,,,,41.3628529,2.1373795,0,73317.0,10.052205270238286,7.470039229948833,38.0,36.61694183,115.731019,99.0,18.1,2026-04-09 08:45:32.001000+00:00
node/6433259684,Entre Copas,,,,41.3621672,2.0761548,1,,,,,36.61694183,115.731019,99.0,18.1,2026-04-09 08:45:32.001000+00:00
node/6438381289,Vera Café,,,,41.3883674,2.1779512,0,53270.0,5.216624251030491,3.8766008806519805,21.0,36.61694183,115.731019,99.0,18.1,2026-04-09 08:45:32.001000+00:00
node/6441451785,Líder de Istanbul,,,,41.3752687,2.1338088,0,62390.0,5.732727996428139,4.26013017807475,20.0,36.61694183,115.731019,99.0,18.1,2026-04-09 08:45:32.001000+00:00
node/6445233216,Gyoza Bar,,,,41.3931059,2.1798949,1,,,,,36.61694183,115.731019,99.0,18.1,2026-04-09 08:45:32.001000+00:00
node/6450380989,Bar But,,,,41.3979648,2.1593688,0,57298.0,6.004619384927538,4.462179308964377,25.0,36.61694183,115.731019,99.0,18.1,2026-04-09 08:45:32.001000+00:00
node/6450381086,La Porxada,,,,41.4030026,2.1637245,0,13419.0,20.420915422396327,15.175280967292826,31.0,36.61694183,115.731019,99.0,18.1,2026-04-09 08:45:32.001000+00:00
node/6462934229,Concordia,,,,41.3864201,2.1321758,0,17408.0,5.938490981145955,4.4130376771351045,22.0,36.61694183,115.731019,99.0,18.1,2026-04-09 08:45:32.001000+00:00
node/6475037976,L'Oasi a Consell,,,,41.3830142,2.1547507,0,40315.0,23.212077054181627,17.249461341254683,30.0,36.61694183,115.731019,99.0,18.1,2026-04-09 08:45:32.001000+00:00
node/6477273844,Fandango,,,,41.3982346,2.1423415,0,24127.0,43.421988683272154,32.26794023663509,33.0,36.61694183,115.731019,99.0,18.1,2026-04-09 08:45:32.001000+00:00
node/6506313588,Antigua,,,,41.3980086,2.1492952,0,28352.0,18.080177776485584,13.435821657429685,22.0,36.61694183,115.731019,99.0,18.1,2026-04-09 08:45:32.001000+00:00
node/6507308246,L'Antica Pizzeria Da Michele,,,,41.3928154,2.1682858,0,55321.0,4.7841708912570375,3.555234227685263,29.0,36.61694183,115.731019,99.0,18.1,2026-04-09 08:45:32.001000+00:00
node/6532206187,Yü Sushi,,,,41.4032734,2.2032208,0,65771.0,7.620488848530288,5.662971369919056,30.0,36.61694183,115.731019,99.0,18.1,2026-04-09 08:45:32.001000+00:00
node/6532330793,La Xemeneia,,,,41.4016359,2.2048002,1,,,,,36.61694183,115.731019,99.0,18.1,2026-04-09 08:45:32.001000+00:00
node/6535101686,Alma Loca,,,,41.3992845,2.1970974,0,43037.0,8.17221596418206,6.072973263766928,14.0,36.61694183,115.731019,99.0,18.1,2026-04-09 08:45:32.001000+00:00
node/6538194375,Mr. White,,,,41.3761815,2.1601126,0,59167.0,2.43231785684495,1.8075148011682158,26.0,36.61694183,115.731019,99.0,18.1,2026-04-09 08:45:32.001000+00:00
node/6568369188,Elpilar,,,,41.4000903,2.1489875,1,,,,,36.61694183,115.731019,99.0,18.1,2026-04-09 08:45:32.001000+00:00
node/6597321587,Welcome,,,,41.4065151,2.1509474,0,12582.0,4.229657196103286,3.1431615585559927,26.0,36.61694183,115.731019,99.0,18.1,2026-04-09 08:45:32.001000+00:00
node/6600189447,café bar juli-mac,,,,41.3782625,2.1239845,0,42348.0,19.222360055168917,14.284605202944627,29.0,36.61694183,115.731019,99.0,18.1,2026-04-09 08:45:32.001000+00:00
node/6642989000,El Pa Sencer,,,,41.3835483,2.1341796,0,5004.0,24.465833223038523,18.18115816940047,25.0,36.61694183,115.731019,99.0,18.1,2026-04-09 08:45:32.001000+00:00
node/6642989001,Ateneu Popular de les Corts,,,,41.3826968,2.1329407,0,63540.0,21.569256021584593,16.02864091117268,32.0,36.61694183,115.731019,99.0,18.1,2026-04-09 08:45:32.001000+00:00
node/6680396487,La prorroga,,,,41.4032976,2.1567512,0,40620.0,14.521995768799268,10.791649710065064,19.0,36.61694183,115.731019,99.0,18.1,2026-04-09 08:45:32.001000+00:00
node/6680687871,La Mar Salada,,,,41.3768035,2.1888904,0,12016.0,25.99124467649441,19.314728673861392,23.0,36.61694183,115.731019,99.0,18.1,2026-04-09 08:45:32.001000+00:00
node/6681709948,Kiltro Gràcia,,,,41.4018317,2.1544539,0,28492.0,13.24176275536129,9.84027729209706,23.0,36.61694183,115.731019,99.0,18.1,2026-04-09 08:45:32.001000+00:00
node/6710510485,Catedral 1951,,,,41.3849142,2.1757337,1,,,,,36.61694183,115.731019,99.0,18.1,2026-04-09 08:45:32.001000+00:00
node/6750944404,Brasaña,,,,41.3605721,2.1345777,0,25223.0,24.928429880160817,18.52492504278275,26.0,36.61694183,115.731019,99.0,18.1,2026-04-09 08:45:32.001000+00:00
node/6757307686,Kitsu,,,,41.4017918,2.1543486,0,69480.0,10.43003331967189,7.7508124807498655,24.0,36.61694183,115.731019,99.0,18.1,2026-04-09 08:45:32.001000+00:00
node/6757314489,LomoAlto,,,,41.3936053,2.1663935,0,35166.0,39.88122915962328,29.636715362648303,33.0,36.61694183,115.731019,99.0,18.1,2026-04-09 08:45:32.001000+00:00
node/6766273102,inti & chaska,,,,41.3886755,2.1599487,0,76943.0,31.832723715685034,23.655674407716603,32.0,36.61694183,115.731019,99.0,18.1,2026-04-09 08:45:32.001000+00:00
node/6771863086,Montseny,,,,41.4070642,2.1804416,0,33326.0,3.9660805137608954,2.947291288872299,34.0,36.61694183,115.731019,99.0,18.1,2026-04-09 08:45:32.001000+00:00
node/6775495571,El Petit,,,,41.3298893,2.0988681,1,,,,,36.61694183,115.731019,99.0,18.1,2026-04-09 08:45:32.001000+00:00
node/6782427526,Híbrid Cafè Restaurant,,,,41.3771219,2.1203336,1,,,,,36.61694183,115.731019,99.0,18.1,2026-04-09 08:45:32.001000+00:00
node/6786006588,365,,,,41.3820297,2.1697221,0,75829.0,9.562508297346413,7.106133450077829,23.0,36.61694183,115.731019,99.0,18.1,2026-04-09 08:45:32.001000+00:00
node/6790695789,El Rincón de la Abuela Venezolana,,,,41.4058359,2.1788147,0,49795.0,0.3540612882108774,0.2631115901077076,33.0,36.61694183,115.731019,99.0,18.1,2026-04-09 08:45:32.001000+00:00
node/6805613085,Bar la Cabaña,,,,41.4071784,2.1778546,1,,,,,36.61694183,115.731019,99.0,18.1,2026-04-09 08:45:32.001000+00:00
node/6812099686,La Xurreria de Maria,,,,41.4050102,2.1750002,1,,,,,36.61694183,115.731019,99.0,18.1,2026-04-09 08:45:32.001000+00:00
node/6821384885,Blu Bar,,,,41.3983358,2.2045648,1,,,,,36.61694183,115.731019,99.0,18.1,2026-04-09 08:45:32.001000+00:00
node/6835358009,Murivecci,,,,41.3874075,2.1828282,0,29208.0,23.381770021562225,17.375564329534534,26.0,36.61694183,115.731019,99.0,18.1,2026-04-09 08:45:32.001000+00:00
node/6852974547,Garrido,,,,41.3603039,2.1401381,0,15740.0,36.32216726283332,26.991889548202227,30.0,36.61694183,115.731019,99.0,18.1,2026-04-09 08:45:32.001000+00:00
node/6852994516,La Patatona,,,,41.3604651,2.1400108,1,,,,,36.61694183,115.731019,99.0,18.1,2026-04-09 08:45:32.001000+00:00
node/6855027201,Bar Sandwicheria Enka 3,,,,41.3758876,2.1221107,0,60215.0,3.361675358383682,2.4981430572082948,37.0,36.61694183,115.731019,99.0,18.1,2026-04-09 08:45:32.001000+00:00
node/6871523347,Cafe Punto 10,,,,41.3805947,2.1364501,0,76961.0,1.8943160438372593,1.4077125149126966,20.0,36.61694183,115.731019,99.0,18.1,2026-04-09 08:45:32.001000+00:00
node/6914132390,El Nou Ramonet,,,,41.3817315,2.1876268,0,41056.0,6.283790910335012,4.6696384873849395,24.0,36.61694183,115.731019,99.0,18.1,2026-04-09 08:45:32.001000+00:00
node/6946328085,Cremat 11,,,,41.3855109,2.1810205,0,18154.0,6.701575667118513,4.980104543235131,22.0,36.61694183,115.731019,99.0,18.1,2026-04-09 08:45:32.001000+00:00
node/6973926711,Syra Coffee,,,,41.3965047,2.1941864,0,23075.0,29.291186207488497,21.766995816281067,31.0,36.61694183,115.731019,99.0,18.1,2026-04-09 08:45:32.001000+00:00
node/6983227455,SNOOKER - Cocteles y Billarea,,,,41.3921561,2.1703663,0,18356.0,8.962586257640071,6.660316731154911,29.0,36.61694183,115.731019,99.0,18.1,2026-04-09 08:45:32.001000+00:00
node/7002869606,Chebú,,,,41.3791162,2.1515085,0,50621.0,0.053968419259799165,0.04010525036159249,26.0,36.61694183,115.731019,99.0,18.1,2026-04-09 08:45:32.001000+00:00
node/7003296923,Triple Sec,,,,41.3747448,2.1609868,0,27165.0,3.3469838022080367,2.487225403018921,34.0,36.61694183,115.731019,99.0,18.1,2026-04-09 08:45:32.001000+00:00
node/7004598841,Orange Coffee,,,,41.4052864,2.1712189,0,11080.0,5.302708918180462,3.9405724991595408,34.0,36.61694183,115.731019,99.0,18.1,2026-04-09 08:45:32.001000+00:00
node/7014308129,Bar Bodega Lentejil,,,,41.4429922,2.2175094,1,,,,,36.61694183,115.731019,99.0,18.1,2026-04-09 08:45:32.001000+00:00
node/7017780931,Yoüme,,,,41.3835882,2.1541892,0,55345.0,3.9824986932872974,2.9594920390409887,26.0,36.61694183,115.731019,99.0,18.1,2026-04-09 08:45:32.001000+00:00
node/7098025886,El Club del Café,,,,41.4340729,2.1892624,1,,,,,36.61694183,115.731019,99.0,18.1,2026-04-09 08:45:32.001000+00:00
node/7124857728,Cabo,,,,41.3964797,2.1851438,0,53801.0,8.620858610633272,6.4063705710365175,14.0,36.61694183,115.731019,99.0,18.1,2026-04-09 08:45:32.001000+00:00
node/7132160620,Santagloria,,,,41.3863926,2.1243567,0,18599.0,17.06979044874152,12.684978158636667,48.0,36.61694183,115.731019,99.0,18.1,2026-04-09 08:45:32.001000+00:00
node/7141587085,La Cereria,,,,41.3815426,2.1767152,0,54101.0,7.41292326630677,5.508724316629416,27.0,36.61694183,115.731019,99.0,18.1,2026-04-09 08:45:32.001000+00:00
node/7150994121,Vivari,,,,41.3998419,2.1775677,0,40670.0,24.98626314136718,18.5679023515815,30.0,36.61694183,115.731019,99.0,18.1,2026-04-09 08:45:32.001000+00:00
node/7234692489,Van van var,,,,41.3942304,2.1901096,0,13747.0,0.23461785936462473,0.17435026110035054,30.0,36.61694183,115.731019,99.0,18.1,2026-04-09 08:45:32.001000+00:00
node/7318977151,,,,,41.3711664,2.1434617,1,,,,,36.61694183,115.731019,99.0,18.1,2026-04-09 08:45:32.001000+00:00
node/7318977155,Bar Joaquim,,,,41.3704145,2.1424922,1,,,,,36.61694183,115.731019,99.0,18.1,2026-04-09 08:45:32.001000+00:00
node/7318977156,Vivari,,,,41.3686165,2.1410874,1,,,,,36.61694183,115.731019,99.0,18.1,2026-04-09 08:45:32.001000+00:00
node/7431790448,Santagloria,,,,41.3896086,2.1200086,0,23422.0,46.413659538030316,34.49112391099794,41.0,36.61694183,115.731019,99.0,18.1,2026-04-09 08:45:32.001000+00:00
node/7438491414,,,,,41.3733479,2.1301506,0,6121.0,3.7711923354453782,2.8024651240325844,17.0,36.61694183,115.731019,99.0,18.1,2026-04-09 08:45:32.001000+00:00
node/7504941029,Iberic Fusión Platja,,,,41.4380577,2.2431806,1,,,,,36.61694183,115.731019,99.0,18.1,2026-04-09 08:45:32.001000+00:00
node/7504941031,l'Altre Can Mario's,,,,41.4405591,2.2418866,1,,,,,36.61694183,115.731019,99.0,18.1,2026-04-09 08:45:32.001000+00:00
node/7504941033,L'Esmolet,,,,41.4432993,2.2460741,1,,,,,36.61694183,115.731019,99.0,18.1,2026-04-09 08:45:32.001000+00:00
node/7504941035,la Masia de la Xesca,,,,41.4452013,2.2417838,1,,,,,36.61694183,115.731019,99.0,18.1,2026-04-09 08:45:32.001000+00:00
node/7556742593,Menjador del Centre,,,,41.4009756,2.2000272,0,3611.0,3.9861847187340707,2.9622312145701146,28.0,36.61694183,115.731019,99.0,18.1,2026-04-09 08:45:32.001000+00:00
node/7563962192,Passeig9,,,,41.4014488,2.2009478,0,25843.0,7.284157304240997,5.413035185512953,24.0,36.61694183,115.731019,99.0,18.1,2026-04-09 08:45:32.001000+00:00
node/7600529740,Restaurante La Flama,,,,41.3514861,2.1114722,1,,,,,36.61694183,115.731019,99.0,18.1,2026-04-09 08:45:32.001000+00:00
node/7618205068,El Pellizquito,,,,41.3501292,2.1105817,1,,,,,36.61694183,115.731019,99.0,18.1,2026-04-09 08:45:32.001000+00:00
node/7640514041,Bar Plaça Carles Buïgas,,,,41.3711833,2.1510204,1,,,,,36.61694183,115.731019,99.0,18.1,2026-04-09 08:45:32.001000+00:00
node/7644933199,Almirall,,,,41.4100171,2.1883052,1,,,,,36.61694183,115.731019,99.0,18.1,2026-04-09 08:45:32.001000+00:00
node/7704818539,Bar Granja Rocxi,,,,41.3744206,2.1339573,1,,,,,36.61694183,115.731019,99.0,18.1,2026-04-09 08:45:32.001000+00:00
node/7704818548,Cafès Caracas,,,,41.3748038,2.1328052,0,37247.0,12.475763946803486,9.271044870335619,21.0,36.61694183,115.731019,99.0,18.1,2026-04-09 08:45:32.001000+00:00
node/7706832792,Cru Sants,,,,41.3721342,2.1286919,0,55263.0,27.063750568879268,20.111733995090397,26.0,36.61694183,115.731019,99.0,18.1,2026-04-09 08:45:32.001000+00:00
node/7736420790,Mamma Italia,,,,41.3764642,2.1234304,0,72205.0,48.88125236140078,36.32485240127186,38.0,36.61694183,115.731019,99.0,18.1,2026-04-09 08:45:32.001000+00:00
node/7772770550,Eqvilibrivm Café,,,,41.3973065,2.1697662,0,62166.0,0.7101147251883849,0.5277035946158932,30.0,36.61694183,115.731019,99.0,18.1,2026-04-09 08:45:32.001000+00:00
node/7838098454,El Caserón,,,,41.3838275,2.1398498,0,14240.0,27.410556795272605,20.369454171579324,32.0,36.61694183,115.731019,99.0,18.1,2026-04-09 08:45:32.001000+00:00
node/7925586104,Delicream,,,,41.4572921,2.2290688,1,,,,,36.61694183,115.731019,99.0,18.1,2026-04-09 08:45:32.001000+00:00
node/7989010587,Castañeiras,,,,41.4100358,2.1760296,0,42626.0,2.3434332035842735,1.7414624446008977,31.0,36.61694183,115.731019,99.0,18.1,2026-04-09 08:45:32.001000+00:00
node/7999604058,Lilo brunch,,,,41.3873718,2.1627034,1,,,,,36.61694183,115.731019,99.0,18.1,2026-04-09 08:45:32.001000+00:00
node/7999616840,Bellillo,,,,41.3879362,2.1620483,1,,,,,36.61694183,115.731019,99.0,18.1,2026-04-09 08:45:32.001000+00:00
node/8034999886,Costa Dorada,,,,41.3980284,2.1986941,0,46553.0,7.6006909805612874,5.648259090730365,26.0,36.61694183,115.731019,99.0,18.1,2026-04-09 08:45:32.001000+00:00
node/8046554489,Sport,,,,41.4001224,2.2000188,0,64840.0,2.962689720717342,2.2016470858836805,22.0,36.61694183,115.731019,99.0,18.1,2026-04-09 08:45:32.001000+00:00
node/8049731595,Echegaray,,,,41.4018684,2.2023424,0,16674.0,1.6812604858538414,1.2493857265604087,16.0,36.61694183,115.731019,99.0,18.1,2026-04-09 08:45:32.001000+00:00
node/8049732292,Doroteo,,,,41.4029636,2.2006718,0,26166.0,7.645202567229055,5.681336737839297,16.0,36.61694183,115.731019,99.0,18.1,2026-04-09 08:45:32.001000+00:00
node/8064873985,Saramar,,,,41.3957712,2.1953013,1,,,,,36.61694183,115.731019,99.0,18.1,2026-04-09 08:45:32.001000+00:00
node/8077128420,Tío Bigotes,,,,41.4013922,2.2028846,0,24126.0,7.727803479880926,5.742719493299525,32.0,36.61694183,115.731019,99.0,18.1,2026-04-09 08:45:32.001000+00:00
manual/afa465e8,Test Bar Terrace,bar,yes,"Carrer de Test, Barcelona",41.39,2.17,0,69748.0,2.038987443265731,1.5152213649738795,37.0,36.61694183,115.731019,99.0,18.1,2026-04-09 08:45:32.001000+00:00
manual/a14db3d2,Test,bar,yes,Test,41.39,2.17,0,69748.0,2.038987443265731,1.5152213649738795,37.0,36.61694183,115.731019,99.0,18.1,2026-04-09 08:45:32.001000+00:00
manual/3bc12750,Bar Viejo Cafe,bar,yes,Carrer independencia 306,41.4093808,2.1815687,0,57023.0,0.9854713140738957,0.7323278005391075,33.0,36.61694183,115.731019,99.0,18.1,2026-04-09 08:45:32.001000+00:00
